,DEVELOPER,PUBLISHER,BASE PRICE,Action,Adventure,Casual,Early Access,Free to Play,Indie,Massively Multiplayer,Movie,RPG,Racing,Simulation,Sports,Strategy,LAN Co-op,Online Co-op,Online PvP,Shared/Split Screen Co-op,Shared/Split Screen PvP,Single-player
0,Devdan Games,Conglomerate 5,0.0,1,1,0,0,1,1,0,1,0,0,1,1,1,1,0,1,1,1,1
1,Telltale Games,Telltale Games,49.99,1,1,0,1,0,1,1,0,0,1,1,1,1,1,1,0,0,0,0
2,Mohawk Games,Stardock Entertainment,0.0,1,0,1,1,1,1,1,1,1,1,0,0,1,1,0,0,0,1,0
3,Robot Entertainment,Robot Entertainment,19.99,0,1,0,1,0,0,1,1,0,0,1,0,0,1,1,1,1,1,1
4,"KOEI TECMO GAMES CO., LTD.","KOEI TECMO GAMES CO., LTD.",0.0,1,1,1,1,1,0,0,1,1,1,1,1,1,0,1,0,1,0,1
5,Campfire Games,Campfire Games,0.0,1,0,1,1,1,0,1,1,1,1,1,1,1,1,1,1,0,1,1
6,Spotted Kiwi Interactive,Spotted Kiwi Interactive,0.0,0,0,0,0,1,0,1,0,1,1,1,1,0,0,1,0,1,1,0
7,Forever Entertainment S. A.,Forever Entertainment S. A.,4.99,0,1,1,1,0,1,0,1,1,0,0,1,0,0,1,1,0,1,1
8,Deck13 Hamburg,astragon Entertainment,0.99,0,1,1,0,0,1,0,1,1,1,1,1,1,0,0,1,1,0,0
9,"CAPCOM Co., Ltd.","CAPCOM Co., Ltd.",24.99,0,0,0,0,0,0,1,0,0,0,1,1,0,1,0,0,1,1,0
10,Game-Labs,Game-Labs,49.99,1,0,1,0,0,1,1,1,1,1,1,0,1,1,1,0,0,0,1
11,TARO,Gamera Games,0.0,0,1,0,0,1,0,1,0,0,0,0,0,0,1,1,1,0,0,1
12,Straight Back Games,Straight Back Games,24.99,1,1,1,1,0,0,0,0,1,1,0,1,0,1,1,1,1,1,1
13,"TT Games,Feral Interactive (Mac)","Warner Bros. Interactive Entertainment,Feral Interactive (Mac)",0.0,1,1,1,1,1,1,1,1,1,1,1,1,1,0,1,0,0,0,0
14,Code}{atch,Code}{atch,39.99,0,1,0,1,0,0,0,1,0,0,1,1,1,1,0,1,1,0,0
15,InterAction studios,InterAction studios,29.99,0,1,1,1,0,0,1,0,1,1,1,0,0,1,0,0,1,0,1
16,Petroglyph,Funcom,59.99,1,1,1,1,0,1,1,1,1,1,1,1,1,0,1,1,1,0,0
17,"Nvizzio Creations,Meridian4",The Wall Productions Inc.,69.99,0,0,0,0,0,0,0,0,1,0,0,0,0,1,1,1,1,1,1
18,"Idea Factory,Compile Heart",Idea Factory International,19.99,1,0,1,1,0,1,1,0,0,1,1,1,1,1,1,1,1,1,1
19,Faerin Games,Faerin Games,0.0,0,0,0,0,1,0,0,0,0,1,1,0,0,1,1,1,1,1,0
20,Spiders,Nacon,39.99,1,0,1,1,0,0,1,1,0,1,1,1,1,1,1,1,1,1,1
21,Alex Hall,Alex Hall,19.99,1,0,0,0,0,1,1,1,1,0,1,1,1,1,0,1,1,1,1
22,Naval Warfare Simulations,Slitherine Ltd.,0.99,1,1,1,0,0,1,1,0,0,0,1,1,1,1,0,0,0,1,0
23,Siege Camp,Siege Camp,0.0,1,0,0,1,1,1,1,1,1,0,1,1,1,0,0,0,0,1,0
24,MUMO STUDIO,MUMO STUDIO,19.99,1,1,1,0,0,1,1,1,1,1,1,1,1,0,0,0,0,1,0
25,Smartly Dressed Games,Smartly Dressed Games,16.99,0,1,0,0,0,1,1,0,1,1,1,0,0,1,1,1,1,0,1
26,Zero Gravity,Zero Gravity,9.99,1,0,0,0,0,0,0,1,0,0,0,0,0,1,1,1,1,1,1
27,"BANDAI NAMCO Studio,SHIFT,QLOC",BANDAI NAMCO Entertainment,12.99,1,0,0,0,0,1,0,1,1,0,0,0,0,1,1,1,1,1,0
28,First Watch Games,Hi-Rez Studios,3.99,1,1,0,1,0,1,0,1,1,1,1,1,1,1,1,1,1,0,1
29,SANDLOT,D3PUBLISHER,0.0,1,0,1,0,1,0,0,1,1,0,0,0,0,1,1,1,1,1,1
30,Paradox Development Studio,Paradox Interactive,24.99,0,0,1,0,0,1,0,0,1,1,0,1,0,1,0,1,0,1,1
31,Weird and Wry,Weird and Wry,11.99,0,1,1,1,0,1,1,1,1,1,1,0,0,0,0,0,0,1,1
32,Robot Gentleman,Robot Gentleman,0.0,1,1,1,0,1,1,1,1,1,1,1,1,0,1,0,1,1,1,0
33,Crystal Shard,Crystal Shard,39.99,1,0,0,0,0,1,0,0,0,0,0,0,0,1,1,1,1,1,1
34,DrinkBox Studios,DrinkBox Studios,0.0,1,0,1,1,1,0,1,1,1,1,1,1,1,0,0,1,0,0,0
35,"Flaming Fowl Studios,Saber Interactive",Twin Sails Interactive,0.0,0,0,1,1,1,1,1,1,1,1,0,0,1,0,0,0,0,0,1
36,Highwire Games,Victura,34.99,0,1,0,1,0,1,1,0,0,0,1,1,0,1,0,1,0,1,0
37,万象皆春,万象皆春,19.99,0,0,0,1,0,0,1,0,0,0,0,0,0,1,1,1,1,1,1
38,Fatshark,Fatshark,0.0,1,0,0,0,1,0,1,1,0,0,1,0,1,0,1,1,0,1,0
39,Game in a Bottle,Armor Games Studios,22.99,0,0,0,0,0,0,0,1,0,0,0,1,0,1,1,1,1,1,1
40,"KRAFTON, Inc.","KRAFTON, Inc.",14.99,0,1,1,0,0,0,1,1,0,0,0,0,0,0,0,0,0,1,0
41,Starwind Games,Starwind Games,24.99,0,0,0,1,0,0,0,0,0,0,0,0,0,0,0,1,1,0,0
42,Volens Nolens Games,Volens Nolens Games,0.0,1,1,1,1,1,1,0,1,0,1,1,1,1,0,1,1,1,0,1
43,Bugbear,THQ Nordic,0.0,1,1,1,1,1,0,0,0,0,1,0,0,0,0,1,1,1,0,1
44,Codemasters,"Codemasters,Electronic Arts",59.99,1,0,0,0,0,0,0,1,0,0,1,1,0,1,1,0,0,1,0
45,Clifftop Games,Raw Fury,14.99,1,1,0,1,0,0,0,0,0,0,1,1,1,0,0,0,1,1,0
46,Rundisc,Focus Entertainment,24.99,1,0,1,0,0,0,1,0,1,0,0,0,0,1,1,1,0,1,1
47,"WeMade,VALOFE",VALOFE,4.99,0,1,0,1,0,1,0,0,1,1,0,0,0,0,0,0,1,0,1
48,Artefacts Studio,Twin Sails Interactive,14.99,1,0,1,1,0,0,0,1,1,0,1,0,1,1,0,1,0,1,0
49,Masangsoft,Masangsoft,4.99,1,1,1,1,0,1,1,1,1,1,1,1,1,1,1,0,1,1,0
50,Rafael Burgos,Rafael Burgos,19.99,1,1,1,1,0,1,1,1,1,1,1,1,1,0,1,0,0,0,0
51,Heliocentric Studios,Team17 Digital,29.99,0,0,0,0,0,1,1,0,0,1,0,0,0,1,1,0,1,1,0
52,"INTI CREATES CO., LTD.","INTI CREATES CO., LTD.",14.99,0,1,1,1,0,1,1,1,1,1,0,1,1,0,0,1,1,1,0
53,Superboss Games,Superboss Games,34.99,1,0,0,0,0,0,0,0,0,0,0,1,0,1,0,0,0,0,1
54,Lince Works,Lince Works,9.99,1,1,1,1,0,1,1,1,1,1,1,1,1,0,0,0,0,0,1
55,Capcom,Capcom,9.99,1,1,0,1,0,1,1,0,1,1,1,1,1,1,1,1,1,1,1
56,"BANDAI NAMCO Studio,SHIFT,QLOC",BANDAI NAMCO Entertainment,19.99,1,1,1,0,0,1,1,1,1,1,1,1,0,1,1,0,1,0,0
57,Fishing Cactus,Plug In Digital,0.0,0,0,1,0,1,0,0,0,0,0,0,0,0,1,1,1,1,1,1
58,"Toys for Bob,Beenox,Activision Shanghai,Hardsuit Labs,Iron Galaxy Studios",Activision,0.0,1,1,1,1,1,1,1,1,1,1,1,1,0,1,1,1,1,1,0
59,RuneStorm,RuneStorm,29.99,0,0,1,0,0,0,1,1,0,0,1,0,0,0,0,0,1,0,1
60,Alex Hall,Alex Hall,0.0,0,1,1,1,1,1,1,1,0,1,1,1,1,1,0,1,0,0,0
61,30.06 Studios Ltd,KPL,15.99,1,1,0,0,0,0,1,0,1,0,0,0,0,1,1,1,1,1,1
62,IGG SINGAPORE PTE. LTD.,IGG SINGAPORE PTE. LTD.,0.99,1,0,1,1,0,1,1,1,1,1,1,1,1,1,1,1,0,1,1
63,Blackmill Games,Blackmill Games,0.0,0,0,0,0,1,0,0,0,1,0,0,0,0,1,1,1,1,1,1
64,Eleventh Hour Games,Eleventh Hour Games,29.99,1,1,1,1,0,0,1,1,1,0,0,1,1,1,0,1,1,1,0
65,Konfa Games,Konfa Games,5.49,1,0,1,1,0,1,1,1,0,1,0,1,0,1,1,1,0,1,1
66,StalkerAlex,StalkerAlex.,29.99,0,1,1,0,0,1,0,1,1,1,0,1,1,1,1,0,1,1,1
67,Telltale Games,2K,14.99,0,1,0,0,0,0,1,0,1,0,1,0,0,1,0,1,0,0,1
68,"CAPCOM Co., Ltd.","CAPCOM Co., Ltd.",0.0,0,0,0,0,1,0,0,0,0,0,0,0,1,0,1,1,0,1,0
69,CREATIVE ASSEMBLY,SEGA,39.99,0,0,1,1,0,0,0,0,1,1,0,1,0,1,0,0,1,0,0
70,Define Human Studios,Define Human Studios,0.0,0,1,0,1,1,0,0,0,0,1,0,0,0,1,1,1,1,1,1
71,Kunos Simulazioni,Kunos Simulazioni,39.99,1,0,1,0,0,1,0,1,0,1,1,1,1,1,1,1,1,1,1
72,Cyanide Studios,Nacon,4.99,1,1,1,1,0,1,1,1,1,1,1,1,1,0,1,1,1,1,1
73,Keen Games,THQ Nordic,19.99,1,1,1,1,0,0,0,1,1,1,0,0,1,0,0,0,0,1,0
74,Soccer Manager Ltd,Soccer Manager Ltd,14.99,0,0,0,0,0,0,0,0,0,0,0,0,1,1,0,1,1,0,1
75,Rejected Games,"PlayWay S.A.,Rejected Games",69.99,1,1,1,1,0,1,1,1,1,1,1,0,1,1,0,0,1,0,1
76,Other Ocean Interactive,KONAMI,0.0,1,0,1,1,1,1,1,1,1,1,1,1,1,1,1,1,0,0,0
77,Spellgarden Games,Assemble Entertainment,0.0,0,0,1,1,1,1,1,1,0,1,1,1,1,1,1,1,1,1,1
78,Swell Games LLC,Swell Games LLC,0.99,1,0,1,1,0,1,1,1,0,1,0,1,0,1,0,1,0,0,0
79,Deck Nine,Square Enix,34.99,0,1,1,1,0,0,1,0,0,1,0,1,1,0,1,0,0,1,1
80,Playsaurus,Playsaurus,9.99,1,1,0,0,0,0,1,0,0,0,0,0,0,1,1,0,0,1,1
81,Crazy Rocks,PlayWay S.A.,0.0,0,1,1,1,1,1,1,1,1,1,1,1,1,0,1,0,1,1,0
82,"IDEA FACTORY,COMPILE HEART,TAMSOFT",Idea Factory International,39.99,0,1,1,1,0,1,0,0,1,1,1,1,0,0,1,1,1,0,1
83,Duhndal,Duhndal,0.0,0,1,0,1,1,1,0,0,0,0,0,0,0,0,0,0,1,0,1
84,重楼工作室,重楼工作室,0.0,1,1,1,1,1,1,1,1,1,1,1,0,1,0,0,0,1,1,1
85,Gunfire Games,Gearbox Publishing,4.99,1,1,0,1,0,1,1,1,1,1,1,1,1,0,1,0,0,0,0
86,Acido Cinza,KISS ltd,0.0,1,0,0,0,1,1,1,1,1,1,1,0,1,1,1,1,1,1,1
87,"Jackbox Games, Inc.","Jackbox Games, Inc.",29.99,1,0,0,0,0,0,0,0,0,0,0,0,1,0,0,1,0,1,0
88,stillalive studios,astragon Entertainment,0.0,0,0,0,1,1,0,0,0,0,1,0,0,1,0,1,1,1,1,1
89,Chainsawesome Games,Chainsawesome Games,19.99,1,1,0,0,0,0,1,1,1,1,0,0,1,1,1,1,1,1,1
90,Funcom,Funcom,19.99,1,1,1,1,0,1,1,1,1,1,1,0,1,1,0,0,1,0,1
91,Crazy Rocks,PlayWay S.A.,24.99,0,0,1,1,0,1,1,1,0,1,0,1,0,1,1,1,1,1,0
92,ACTION SQUARE,HIKE Inc.,29.99,1,1,1,1,0,0,1,1,1,1,0,1,1,1,1,1,1,1,1
93,Rake in Grass,Rake in Grass,44.99,0,0,1,0,0,0,0,0,0,0,0,0,0,0,1,1,1,1,0
94,"B.B.STUDIO CO.,LTD.",Bandai Namco Entertainment Inc.,0.0,0,0,1,1,1,1,0,0,0,0,0,0,0,0,0,1,0,1,0
95,Scott Cawthon,Scott Cawthon,0.0,0,0,1,0,1,1,0,1,1,0,0,0,0,0,0,1,1,0,0
96,"Tero Lunkka,Mikko Seppälä",Tero Lunkka,9.99,1,1,1,1,0,0,1,0,1,1,0,1,1,0,1,0,0,1,1
97,BeamNG,BeamNG,49.99,0,0,0,0,0,0,0,1,1,1,0,0,1,1,1,1,1,1,1
98,ATLUS,SEGA,14.99,1,0,1,0,0,0,1,0,0,1,1,0,1,1,1,1,1,0,0
99,Snail Games USA,Snail Games USA,6.99,0,0,0,0,0,0,1,0,0,1,1,1,1,1,1,1,1,1,1
100,Denki,Curve Games,24.99,0,1,0,1,0,0,0,0,0,1,0,0,0,0,0,1,1,0,0
101,Ubisoft Entertainment,Ubisoft Entertainment,0.0,1,0,1,1,1,1,0,0,1,0,1,1,1,1,1,0,1,1,1
102,3X Entertainment Limited,Nutaku Publishing,19.99,1,1,1,1,0,1,1,1,1,1,1,1,1,0,0,0,0,0,1
103,VALOFE,G・O・P,2.99,1,1,1,1,0,1,1,1,1,1,1,1,1,1,1,0,0,1,1
104,Bohemia Interactive,Bohemia Interactive,0.0,1,1,0,1,1,0,0,0,0,0,0,0,0,1,1,1,1,1,0
105,Z Studio,ParasGames,14.99,0,1,1,1,0,1,0,1,1,0,1,1,0,1,1,1,1,1,1
106,Com2uS,Com2uS,0.0,1,0,1,1,1,0,1,1,1,1,0,1,0,0,1,1,1,1,0
107,Timeless SP,Nutaku Publishing,29.99,1,1,1,1,0,1,1,1,1,1,1,1,1,1,1,1,0,1,1
108,Gearbox Software,2K,29.99,0,0,0,0,0,0,0,0,0,0,0,1,0,0,1,1,1,0,0
109,Autonomic Interactive,New Reality Games,3.99,0,0,1,0,0,0,1,1,1,1,1,1,1,0,0,0,0,1,0
110,Simon Blasen,Simon Blasen,59.99,0,1,1,0,0,0,1,0,1,0,0,1,0,1,1,1,1,1,1
111,"Way York,SilverBlade",INDIECN,17.99,1,1,0,1,0,0,1,1,0,1,0,1,1,0,1,0,1,0,0
112,"SNK CORPORATION,Dotemu",SNK CORPORATION,59.99,1,1,1,1,0,1,1,1,1,1,0,1,1,1,1,0,0,1,1
113,Unexpected,"Goblinz Publishing,Maple Whispering Limited,Unexpected",0.0,1,0,0,0,1,1,0,1,1,0,0,0,1,1,1,0,0,0,1
114,Fury Studios,Raw Fury,17.99,1,1,1,1,0,1,1,1,1,1,1,1,1,1,1,1,1,1,1
115,D3PUBLISHER,D3PUBLISHER,19.99,1,1,0,0,0,0,0,0,1,0,0,1,1,1,1,1,1,1,1
116,GB Patch Games,GB Patch Games,0.0,1,1,1,1,1,1,1,1,1,1,1,1,1,0,1,0,1,0,1
117,PopCap,Electronic Arts,11.99,0,0,0,0,0,0,0,1,0,0,0,0,0,0,0,0,1,0,1
118,"Petroglyph,Six Foot","Six Foot,Grey Box",39.99,0,1,0,0,0,1,0,0,0,0,0,1,1,0,1,0,1,0,0
119,Crater Studios,Crater Studios,24.99,1,1,1,1,0,1,1,1,1,1,1,1,1,0,0,0,0,1,0
120,Beautiful Glitch,Beautiful Glitch,13.99,0,1,1,0,0,1,0,1,0,1,1,1,1,0,1,0,1,0,1
121,"Jackbox Games, Inc.","Jackbox Games, Inc.",2.99,1,0,1,0,0,0,1,1,0,0,0,1,0,1,0,0,1,1,0
122,Devdan Games,Conglomerate 5,59.99,1,1,1,0,0,1,0,1,1,1,0,0,0,1,0,1,0,0,1
123,Romantic Room,Romantic Room,9.99,1,1,0,1,0,1,1,1,0,1,1,1,1,1,1,1,1,1,1
124,Telltale Games,Telltale Games,19.99,0,1,1,1,0,1,0,0,0,0,0,1,1,1,1,1,1,1,1
125,KONAMI,KONAMI,14.99,1,0,1,1,0,1,1,1,1,0,0,1,0,1,0,1,0,0,1
126,"Mojang Studios,Blackbird Interactive",Xbox Game Studios,49.99,0,1,0,0,0,1,0,1,1,1,0,0,0,1,0,1,1,1,1
127,Gabriel Priske,Noetic,29.99,1,1,1,1,0,1,1,1,1,1,1,1,1,1,0,1,1,0,0
128,Lighthouse Games Studio,Lighthouse Games Studio,0.0,1,1,0,1,1,1,0,0,1,1,0,0,0,0,1,1,1,0,0
129,Creature Cauldron,Creature Cauldron,24.99,0,0,0,1,0,1,1,0,1,1,1,1,1,1,1,0,0,0,1
130,Wemade Next,Wemade,14.99,1,1,0,1,0,1,1,1,1,1,1,1,1,1,0,0,0,0,0
131,Team17 Digital Ltd,Team17 Digital Ltd,14.99,0,0,0,1,0,1,1,0,1,0,0,0,1,1,0,0,1,1,1
132,"Visual Concepts,Yuke's Co., LTD",2K,29.99,1,0,0,1,0,1,1,1,0,1,1,1,0,0,1,0,0,1,0
133,Sports Interactive,SEGA,0.0,1,1,1,1,1,1,1,1,1,1,1,1,0,1,1,1,1,1,1
134,RobTop Games,RobTop Games,0.0,1,1,1,0,1,0,1,1,1,1,1,1,0,1,0,1,0,1,1
135,Somer Games,8Floor,24.99,0,0,0,0,0,1,0,0,0,0,0,0,0,1,1,0,0,0,1
136,Nolla Games,Nolla Games,0.0,1,1,0,1,1,1,1,1,1,1,0,1,1,0,1,0,1,1,1
137,"UltraShock Gaming LLC,Killbox Graphics",Conglomerate 5,0.0,0,0,0,0,1,0,0,0,0,0,0,0,1,0,0,0,0,0,1
138,"KOEI TECMO GAMES CO., LTD.","KOEI TECMO GAMES CO., LTD.",4.99,0,0,1,0,0,0,0,0,1,0,0,1,1,1,0,0,1,0,0
139,"KOEI TECMO GAMES CO., LTD.","KOEI TECMO GAMES CO., LTD.",0.0,0,0,1,1,1,1,0,1,1,1,1,0,1,1,1,1,1,1,1
140,"Noah System,Mgame",NTTGame,34.99,0,1,0,0,0,1,0,0,0,0,0,0,0,0,1,1,1,0,0
141,"MuHa Games,Eerie Forest Studio",Slitherine Ltd.,19.99,1,1,1,1,0,1,1,1,1,1,1,1,1,1,0,1,1,1,1
142,Harebrained Schemes,Paradox Interactive,0.0,1,0,1,1,1,0,1,1,1,1,1,1,0,0,1,0,1,0,0
143,"Alexey Davydov,Sergey Dvoynikov,Timofey Shargorodskiy","Flazm,META Publishing",4.99,1,0,0,0,0,1,0,1,0,0,0,0,0,1,0,0,0,0,0
144,"Cloudcade, Inc.","Cloudcade, Inc.",19.99,1,0,0,1,0,0,1,0,0,0,1,1,0,1,1,1,1,0,0
145,Gravity Lagoon,HypeTrain Digital,0.0,1,1,1,1,1,1,1,1,1,1,1,1,1,0,0,0,0,0,1
146,Bethesda Game Studios,Bethesda Softworks,14.99,0,1,1,0,0,0,0,0,0,1,1,0,1,1,1,1,1,0,1
147,Warma,Warma,49.99,0,1,0,1,0,0,1,0,0,1,1,1,1,1,1,1,1,1,1
148,No Code,Devolver Digital,16.99,0,0,0,0,0,0,0,1,0,0,1,0,0,0,1,1,1,1,1
149,"FURYU Corporation,LANCARSE Ltd.",Bushiroad Inc.,19.99,1,1,0,0,0,0,0,1,0,1,1,0,0,1,1,0,1,1,1
150,"Dotemu,Guard Crush,Lizardcube","Dotemu,Yooreka Studio (Greater China)",19.99,1,1,1,1,0,1,1,1,1,1,1,1,1,1,1,1,1,1,1
151,HA Studio Ltd.,SA Industry,9.99,1,0,0,0,0,0,0,1,1,0,0,0,0,1,0,0,0,1,0
152,Proxy Studios,Slitherine Ltd.,19.99,1,0,0,0,0,0,0,0,0,0,0,1,0,0,0,0,1,0,0
153,TPP Studio,TPP Studio,3.99,1,1,0,0,0,0,0,0,0,0,0,0,0,0,1,1,0,1,1
154,NeocoreGames,NeocoreGames,4.99,1,1,0,1,0,1,1,0,1,1,1,1,1,1,0,0,0,0,0
155,ALT Lab,ALT Lab,39.99,0,0,1,0,0,0,0,0,1,1,1,1,1,1,0,1,1,1,0
156,The Fun Pimps,The Fun Pimps Entertainment LLC,19.99,0,1,1,0,0,0,1,1,0,0,0,0,1,0,0,0,0,1,0
157,CABO Studio,Modern Wolf,0.0,0,0,1,1,1,0,0,0,1,0,1,1,0,1,1,1,1,1,1
158,Light Bringer Games inc.,Light Bringer Games inc.,29.99,0,0,1,1,0,0,1,0,0,0,1,1,1,1,1,1,1,1,1
159,Beautiful Glitch,Beautiful Glitch,19.99,1,1,1,1,0,1,1,1,1,1,1,1,1,1,1,0,0,0,0
160,Mega Crit Games,Mega Crit Games,0.0,1,0,0,1,1,0,0,1,1,1,1,1,0,1,0,0,0,0,0
161,WhackAKey Games,Conglomerate 5,14.99,0,0,1,1,0,0,0,0,1,0,0,0,0,1,1,1,1,0,0
162,Team Samoyed,Team Samoyed,0.99,1,1,0,0,0,0,0,1,0,1,0,0,0,0,0,0,0,1,0
163,Oddshot Games,Oddshot Games,0.99,0,1,0,1,0,0,1,0,1,0,1,1,0,1,0,0,1,1,1
164,"Asobism.Co.,Ltd","Asobism.Co.,Ltd",39.99,1,0,0,1,0,0,0,0,0,1,0,0,1,0,0,0,1,0,0
165,Cult Software,Cult Software,19.99,1,0,1,1,0,0,1,1,1,1,0,0,0,0,0,1,1,1,1
166,CyberConnect2 Co. Ltd.,Bandai Namco Entertainment,14.99,1,0,1,1,0,1,1,0,1,1,1,1,1,0,0,1,0,0,1
167,Tamsoft,"XSEED Games,Marvelous USA, Inc.,Marvelous",19.99,0,0,0,0,0,1,0,0,0,0,0,0,0,0,1,0,0,1,0
168,Offworld,Offworld,19.99,1,0,1,1,0,1,0,0,1,1,0,1,1,1,1,1,1,0,1
169,NetEase Games,NetEase Games,29.99,1,0,1,1,0,1,0,1,1,1,1,1,1,1,0,1,1,1,1
170,"WB Games Montreal,Splash Damage",Warner Bros. Interactive Entertainment,49.99,1,1,0,1,0,1,0,0,0,0,0,0,0,1,0,0,1,0,0
171,Starward Industries,11 bit studios,0.0,0,0,0,0,1,0,1,0,1,0,1,0,0,1,0,0,0,1,0
172,Artefacts Studio,"Dear Villagers,E-Home Entertainment",0.0,0,0,1,1,1,0,0,0,0,0,0,0,0,1,1,0,0,0,1
173,Ryu Ga Gotoku Studio,SEGA,59.99,1,1,0,1,0,1,1,1,1,1,0,1,1,0,1,1,1,1,0
174,Acid Wizard Studio,Acid Wizard Studio,19.99,1,1,1,1,0,1,1,1,1,1,0,1,1,1,1,0,0,1,0
175,"CAPCOM Co., Ltd.","CAPCOM Co., Ltd.",29.99,1,1,0,0,0,0,0,0,0,0,0,0,0,1,1,1,1,1,1
176,Alon Zubina,Alon Zubina,0.0,1,1,0,1,1,1,1,1,1,1,1,1,1,1,1,0,0,1,1
177,Cleversan Games,"PlayWay S.A.,Sim Farm S.A.",19.99,0,0,1,0,0,0,0,0,1,0,0,1,0,1,0,1,1,1,1
178,Obsidian Entertainment,Paradox Interactive,14.99,0,1,0,0,0,0,0,0,0,0,0,0,0,0,1,1,0,0,1
179,"Armchair History Interactive,Targon Studios",Armchair History Interactive,11.99,1,0,1,1,0,0,0,1,1,0,0,0,1,0,0,1,1,0,1
180,"SNK Games,Elemental Games,Katauri Interactive",Fulqrum Publishing,0.0,1,0,1,1,1,0,1,0,1,0,1,0,1,1,0,0,1,1,0
181,"Nippon Ichi Software, Inc.","NIS America, Inc.",0.0,0,0,1,1,1,0,0,1,1,1,1,1,1,0,1,0,1,1,1
182,The Molasses Flood,"The Molasses Flood,Curve Games",0.0,0,1,1,0,1,0,1,0,1,1,0,0,1,1,1,1,0,1,0
183,Chowbie,Chowbie,29.99,1,1,0,1,0,0,1,1,1,0,0,1,0,1,0,1,1,1,1
184,Mohawk Games,Hooded Horse,29.99,1,1,1,0,0,1,1,0,1,1,1,0,0,0,0,0,1,0,0
185,Tindalos Interactive,Focus Entertainment,49.99,1,1,1,1,0,1,1,1,1,1,1,1,1,1,0,1,1,1,1
186,"KRAFTON, Inc.","KRAFTON, Inc.",27.99,0,0,1,0,0,1,0,0,0,0,1,1,0,0,1,1,0,1,0
187,"Happinet,Matrix",Happinet,14.99,1,0,1,1,0,0,1,0,0,0,1,0,0,1,0,1,1,0,0
188,Labyrinthine,Senpai Studios,4.99,1,1,1,0,0,0,0,0,0,0,0,0,0,1,1,1,1,1,1
189,"Visual Concepts,Yuke's Co., LTD",2K,19.99,1,1,1,1,0,1,0,1,1,1,1,1,1,1,1,0,0,0,0
190,JDM4iK Games,SA Industry,0.0,1,1,1,1,1,1,1,1,1,1,1,0,1,0,0,0,0,0,1
191,Airship Syndicate,Digital Extremes,14.99,1,1,1,1,0,1,1,1,1,1,1,1,1,0,1,0,1,0,1
192,"Dillon Rogers,David Szymanski",New Blood Interactive,0.0,1,0,1,1,1,1,1,1,0,1,1,1,1,1,0,1,1,1,0
193,Nimbus Games,SCRYsoft,0.0,0,0,0,0,1,0,1,0,0,0,1,1,0,0,0,0,1,1,1
194,Sandbox Interactive GmbH,Sandbox Interactive GmbH,0.0,1,0,0,0,1,0,1,0,1,1,0,1,0,0,1,1,0,0,1
195,Conifer Studios,Conifer Studios,0.0,1,0,1,1,1,0,1,0,1,1,1,0,1,1,1,1,0,0,0
196,Shockfront Studios,Shockfront Studios,19.99,1,0,0,0,0,0,0,0,0,0,0,0,0,0,1,0,1,0,0
197,CodingDaniel,CodingDaniel,39.99,1,1,0,0,0,0,0,1,0,1,1,1,0,1,1,1,1,1,1
198,NIGORO,PLAYISM,0.0,1,0,0,1,1,0,0,1,1,0,1,0,1,0,0,1,0,1,1
199,Topware Interactive,Topware Interactive,24.99,0,0,0,0,0,0,1,0,0,0,0,0,0,0,1,0,0,1,0
200,Crunchy Leaf Games,Crunchy Leaf Games,19.99,1,0,0,0,0,1,0,1,0,0,0,0,0,1,0,1,1,1,1
201,100 Hidden Animals,100 Cozy Games,14.99,0,1,1,0,0,0,1,1,1,1,0,1,1,0,0,0,0,0,1
202,PlaySurrounDead,PlaySurrounDead,59.99,1,0,1,1,0,1,0,0,1,0,0,1,0,1,0,1,1,1,1
203,"M7 Productions,Attrito","Attrito,M7 Productions",29.99,1,0,0,0,0,0,0,0,0,0,0,0,0,1,1,0,1,1,1
204,Undead Labs,Xbox Game Studios,14.99,1,0,1,1,0,0,1,0,0,0,0,0,1,0,1,0,1,0,1
205,inXile Entertainment,inXile Entertainment,14.99,0,0,0,0,0,0,0,0,0,0,1,0,0,1,1,1,1,0,0
206,"SNK Games,Elemental Games,Katauri Interactive",Fulqrum Publishing,0.99,1,1,1,0,0,1,1,1,1,1,1,1,1,1,0,0,0,0,0
207,"Idea Factory,Compile Heart",Idea Factory International,0.0,0,0,0,0,1,0,1,0,0,0,0,0,0,1,1,1,1,0,0
208,Glyph Worlds,Glyph Worlds,29.99,0,0,0,1,0,0,0,0,0,1,0,0,0,0,1,0,0,0,0
209,Stardock Entertainment,Stardock Entertainment,19.99,0,0,0,0,0,0,0,1,1,0,1,0,0,1,1,1,0,0,1
210,Out of the Park Developments,Out of the Park Developments,12.99,1,1,0,1,0,1,1,1,1,1,1,1,0,0,1,0,0,1,0
211,"Ubisoft Paris,Ubisoft Annecy,Ubisoft Bucharest,Ubisoft Montpellier,Ubisoft Milan,Reflections,Ubisoft Belgrade",Ubisoft,0.99,0,1,1,1,0,1,1,1,1,1,1,1,1,0,1,0,1,0,0
212,Campfire Games,Campfire Games,24.99,1,1,1,1,0,1,1,1,0,1,0,0,1,0,0,0,1,0,1
213,"Fulcrum Games,Hydroflame,over 250 github contributors",Fulcrum Games,0.0,1,0,0,0,1,0,0,0,1,0,1,1,1,1,1,1,1,1,1
214,Pavonis Interactive,Hooded Horse,29.99,1,0,1,1,0,1,1,0,0,1,0,1,1,1,0,0,1,0,0
215,Inceton games,Inceton games,0.0,1,1,1,1,1,1,1,1,1,1,1,1,1,1,1,1,0,1,1
216,Sky9 Games,IndieArk,39.99,1,1,1,1,0,1,1,1,1,1,1,1,1,1,1,1,1,0,1
217,Orange_Juice,Fruitbat Factory,34.99,1,1,0,1,0,1,1,1,1,1,1,1,1,0,0,1,0,0,1
218,Studio 397,Studio 397,4.99,1,0,0,1,0,0,0,0,0,1,0,0,1,0,1,0,1,1,1
219,Big Ant Studios,Nacon,1.99,0,1,1,1,0,1,1,1,1,1,1,1,1,0,1,0,1,0,0
220,"jorgen games Ltd,Oliver Josh",jorgen games Ltd,59.99,1,1,0,0,0,1,0,1,1,0,1,0,1,0,0,0,0,0,1
221,K Bros Games,K Bros Games,0.99,1,1,1,1,0,1,1,1,1,1,1,1,1,0,0,0,0,0,1
222,Gunfire Games,THQ Nordic,14.99,0,0,1,0,0,1,0,1,0,1,0,0,1,1,1,1,1,1,1
223,"Orteil,DashNet",Playsaurus,0.0,1,1,0,1,1,0,1,1,1,1,0,1,1,0,0,0,1,0,1
224,Enplex Games LLC,Enplex Games LLC,16.99,0,0,0,1,0,1,1,0,0,0,0,0,0,0,0,0,0,1,0
225,Amelore,Amelore,24.99,1,0,0,0,0,0,0,0,1,1,1,0,1,1,1,0,1,1,1
226,Games Incubator,"Games Incubator,PlayWay S.A.",19.99,0,1,0,0,0,0,0,0,0,0,0,0,0,0,1,0,0,0,1
227,Nihon Falcom,"XSEED Games,Marvelous USA, Inc.",0.0,1,1,1,1,1,1,1,1,1,1,1,1,1,1,1,0,1,0,0
228,Sad Panda Studios,Sad Panda Studios,39.99,1,1,1,1,0,1,1,0,1,1,1,1,1,0,0,1,0,1,1
229,Geometa,MicroProse Software,24.99,1,1,1,1,0,0,1,1,1,1,1,1,1,0,0,1,0,0,0
230,"KOEI TECMO GAMES CO., LTD.","KOEI TECMO GAMES CO., LTD.",19.99,0,1,0,0,0,1,0,1,0,0,0,1,0,1,1,1,1,1,1
231,Killerfish Games,Killerfish Games,14.99,0,0,1,1,0,1,1,1,1,1,1,1,1,0,0,1,1,1,1
232,Neon Giant,Curve Games,4.99,1,1,1,1,0,1,1,1,1,1,1,1,1,1,1,1,1,1,1
233,"Softstar Technology (Beijing) Co., Ltd","CubeGame,Softstar Technology (Beijing) Co., Ltd",0.0,1,1,1,0,1,0,1,1,0,0,1,1,0,0,1,0,1,0,1
234,Dieselmine,Paradise Project,19.99,0,0,0,0,0,0,0,0,0,0,0,1,0,1,1,1,0,0,1
235,Eight Points,HypeTrain Digital,0.0,1,1,0,1,1,1,1,1,1,0,1,1,0,1,1,1,1,1,1
236,Fire Sword Studios,Fire Sword Studios,0.0,0,0,0,0,1,0,0,0,1,0,0,0,0,1,0,1,0,1,1
237,Digital Sun,11 bit studios,14.99,0,0,0,0,0,1,0,0,0,0,0,0,0,0,1,0,1,1,1
238,Bad Viking,Iceberg Interactive,19.99,0,0,1,0,0,0,1,0,0,0,0,0,0,1,0,0,1,1,1
239,Patrick Traynor,Patrick Traynor,0.0,1,0,1,0,1,0,0,1,0,0,0,0,0,0,1,0,1,1,1
240,"Yellow Dog Man Studios,Frooxius",Yellow Dog Man Studios,0.0,1,1,1,0,1,1,1,1,1,0,0,1,1,1,0,0,1,0,1
241,"CyberConnect2 Co., Ltd.",Bandai Namco Entertainment,0.99,1,1,0,1,0,1,1,1,1,1,1,1,1,0,1,1,1,1,1
242,Jutsu Games,Games Operators,19.99,1,0,0,0,0,0,1,0,0,1,1,0,1,0,1,0,1,0,1
243,"AQURIA Co., Ltd.",BANDAI NAMCO Entertainment,3.99,1,1,1,0,0,1,1,0,1,1,1,0,1,0,1,1,1,1,0
244,Stress Level Zero,Stress Level Zero,29.99,1,1,0,0,0,0,1,1,0,1,1,1,0,0,0,0,1,0,1
245,Holyday Studios,Holyday Studios,44.99,1,1,1,1,0,1,1,0,1,1,1,1,0,0,1,0,0,0,1
246,Nimble Giant Entertainment,Paradox Interactive,4.99,1,1,1,1,0,0,1,1,0,1,1,1,1,0,1,1,0,0,1
247,Damian Schloter,Damian Schloter,39.99,0,1,1,1,0,1,1,1,0,1,1,1,1,0,1,0,1,0,1
248,Gasket Games,Focus Entertainment,2.99,0,1,1,1,0,1,0,0,1,1,1,1,0,0,0,0,0,1,0
249,Deep Water Studio,PlayWay S.A.,0.0,1,1,1,1,1,1,1,1,1,1,1,1,1,1,1,1,1,1,1
250,NoGlyph Games,NoGlyph Games,39.99,1,1,1,1,0,1,0,0,1,1,1,0,1,1,1,1,1,0,0
251,Lost Frame Development,Lost Frame Development,0.99,1,1,0,0,0,1,0,1,1,1,0,0,1,1,1,1,1,1,1
252,Raymond Doerr,SixtyGig Games,39.99,1,1,1,0,0,1,1,1,1,1,0,1,1,0,1,0,1,1,1
253,NEOWIZ,NEOWIZ,0.0,0,0,0,0,1,0,0,1,1,0,0,0,0,0,1,0,1,1,0
254,"Jerzie,Creobit",8Floor,0.99,1,0,1,0,0,1,1,1,1,1,1,1,1,0,1,1,0,1,0
255,Destructive Creations,Destructive Creations,9.99,1,0,0,1,0,1,0,1,0,1,0,0,1,1,1,1,0,1,1
256,VSTGames,VSTGames,0.0,1,1,1,1,1,1,1,1,1,1,1,1,1,0,1,0,0,0,0
257,Dekovir Entertainment,Black Maple Games,0.0,1,1,1,1,1,0,1,1,1,1,0,1,0,1,1,1,1,1,1
258,Ashborne Games,THQ Nordic,29.99,1,0,1,1,0,0,1,0,1,0,0,0,1,1,0,0,0,0,0
259,Sports Interactive,SEGA,16.99,1,1,0,1,0,1,1,1,0,0,1,1,1,1,1,1,1,1,0
260,Nuno Donato,Conglomerate 5,39.99,1,1,1,1,0,1,1,1,1,0,0,1,1,1,1,0,0,0,0
261,Die of Death Games,Die of Death Games,0.0,0,1,1,1,1,1,1,1,1,1,0,1,1,0,1,1,1,1,1
262,"Double Eleven,Introversion Software",Paradox Interactive,24.99,1,1,0,1,0,1,0,1,0,1,0,1,1,1,1,1,1,0,1
263,Leef 6010,Leef 6010,14.99,1,1,0,0,0,1,0,0,1,0,0,0,1,1,1,1,1,1,1
264,Bethesda Game Studios,Bethesda Softworks,0.99,1,0,1,1,0,1,1,0,1,1,1,1,1,1,1,0,1,1,1
265,Codemasters,Electronic Arts,29.99,1,0,0,0,0,0,0,0,0,1,1,0,1,0,1,0,1,0,0
266,Nepos Games,Nepos Games,4.99,1,1,1,1,0,1,1,1,1,1,1,1,1,1,1,1,1,0,1
267,Agafonoff,Agafonoff,19.99,0,0,1,0,0,0,0,0,0,0,0,0,0,1,0,1,1,0,1
268,Pipeworks Studios,Jagex Ltd,19.99,0,0,0,0,0,1,0,0,0,1,0,0,0,0,0,0,1,0,0
269,PlaySide Studios,Team17,14.99,0,0,0,0,0,0,0,1,0,0,0,0,1,0,1,1,1,1,1
270,Marco Amadei,Corvostudio di Amadei Marco,14.99,1,1,1,1,0,0,0,0,1,1,0,1,1,0,0,0,0,1,0
271,Wadup Games,Conglomerate 5,49.99,1,0,1,0,0,1,1,1,1,1,1,1,0,1,1,1,1,1,0
272,Quiet River,Quiet River,29.99,0,1,0,1,0,0,1,0,1,1,0,1,0,0,0,1,1,0,0
273,Tort,Conglomerate 5,0.0,0,0,0,0,1,1,0,0,0,0,0,0,0,0,0,1,0,1,0
274,"Idea Factory,Compile Heart",Idea Factory International,0.0,0,1,0,0,1,0,0,0,0,0,0,0,0,1,1,0,1,1,1
275,Eyedentity Games Inc.,Eyedentity Games Inc.,29.99,0,0,0,0,0,0,1,0,0,0,0,0,0,1,1,1,1,1,0
276,Beamdog,Beamdog,19.99,1,1,1,1,0,1,1,1,1,0,1,0,1,1,0,0,0,0,0
277,"CarX Technologies, LLC","CarX Technologies, LLC",1.99,1,0,1,0,0,1,1,0,1,1,1,1,1,0,0,0,1,1,0
278,European Flameworms,Union Onion,0.99,0,1,0,1,0,1,1,1,1,1,0,0,1,1,0,1,1,0,0
279,"KOEI TECMO GAMES CO., LTD.","KOEI TECMO GAMES CO., LTD.",24.99,0,0,1,0,0,0,0,1,0,0,1,1,1,1,0,1,1,1,1
280,Qruppo,Shiravune,14.99,1,1,1,0,0,1,0,0,0,0,0,1,1,1,1,1,1,1,1
281,"Codemasters,Feral Interactive (Mac)","Codemasters,Feral Interactive (Mac),Electronic Arts",0.0,1,1,1,1,1,1,1,1,1,1,1,1,1,1,1,1,1,0,1
282,Vulcron,Vulcron,29.99,1,1,1,1,0,1,1,0,1,1,1,1,1,0,1,1,1,1,1
283,Faerin Games,Faerin Games,29.99,0,1,0,1,0,1,0,0,0,0,1,0,1,1,1,1,1,1,1
284,Zen Studios,Zen Studios,17.99,1,1,1,1,0,0,0,1,1,0,1,1,0,1,1,0,1,0,1
285,Ska Studios,Ska Studios,29.99,0,0,1,0,0,0,0,0,0,0,0,0,0,1,0,0,0,0,0
286,Relax Minimalism,Relax Minimalism,0.0,0,0,0,0,1,1,0,0,0,0,0,0,0,0,0,0,1,0,0
287,"Studiobside Co.,Ltd","Studiobside Co.,Ltd",14.99,1,1,1,1,0,1,1,1,1,1,1,1,1,1,1,1,1,1,1
288,"빌리 헤링턴,Red Six Development",Red Six Publishing,0.0,1,0,1,1,1,0,0,1,1,0,0,0,0,1,1,1,1,1,1
289,The Outsiders,Funcom,24.99,1,1,1,1,0,1,1,1,1,1,1,1,1,1,1,1,1,1,1
290,"Nostalgia Hound,PiGravity",Back To Basics Gaming,19.99,0,0,1,0,0,1,0,0,0,0,0,0,0,1,1,1,1,0,1
291,Dope Games,Merge Games,59.99,1,1,0,1,0,0,1,1,0,1,0,1,1,1,1,0,1,1,0
292,"id Software,Avalanche Studios",Bethesda Softworks,14.99,1,1,0,1,0,1,1,1,1,1,1,1,1,0,1,1,1,0,0
293,Invisible Walls,Versus Evil,29.99,0,1,0,1,0,0,0,1,1,0,0,1,0,1,0,1,0,0,1
294,Fairytale Software CaWa GmbH,Fairytale Software CaWa GmbH,0.0,0,0,0,0,1,0,0,0,0,0,0,1,0,0,1,0,1,1,1
295,Deck13,Focus Entertainment,39.99,1,0,0,0,0,1,1,0,0,0,1,0,0,1,1,1,0,0,0
296,Dreambyte Games,Dreambyte Games,14.99,1,1,1,1,0,1,1,1,1,0,0,0,1,1,1,1,1,1,1
297,Sports Interactive,SEGA,49.99,1,1,1,1,0,0,0,0,0,0,1,1,0,1,1,1,1,0,1
298,Cyanide Studio,Focus Home Interactive,49.99,1,0,1,1,0,0,1,0,0,0,1,1,0,1,0,0,1,1,0
299,Agafonoff,Agafonoff,2.99,1,1,0,1,0,0,1,0,1,1,1,1,0,1,1,0,0,0,1
300,BlankMediaGames LLC,BlankMediaGames LLC,14.99,1,1,0,0,0,0,0,0,1,0,1,1,1,0,1,0,0,1,0
301,Chowbie,Chowbie,0.0,0,0,0,0,1,0,0,1,0,0,0,0,0,1,1,1,1,1,1
302,Mihai Morosanu,Mihai Morosanu,19.99,1,0,1,0,0,1,1,1,1,1,0,1,1,1,0,0,1,1,0
303,Wonderscope,Team17,19.99,0,0,0,1,0,0,0,1,0,0,1,0,0,0,0,0,0,1,1
304,Bandai Namco Studios Inc.,Bandai Namco Entertainment,19.99,0,1,0,0,0,1,0,0,0,0,0,0,0,0,1,0,0,0,1
305,Brilliant Game Studios,Brilliant Game Studios,19.99,1,1,1,1,0,1,1,1,1,1,1,1,1,1,1,0,0,1,0
306,"KOEI TECMO GAMES CO., LTD.","KOEI TECMO GAMES CO., LTD.",0.0,0,0,0,0,1,0,1,0,0,0,0,0,0,0,1,0,0,0,1
307,Hello Games,Hello Games,19.99,1,1,1,1,0,0,1,1,1,1,1,1,0,1,1,0,1,1,1
308,FYQD-Studio,"FYQD-Studio,PLAYISM",59.99,1,0,0,0,0,0,1,0,0,1,0,0,0,1,1,1,0,0,0
309,Telltale Games,2K,59.99,1,1,0,1,0,0,0,0,0,1,1,0,0,0,0,0,1,1,0
310,Leef 6010,Leef 6010,0.0,0,0,1,0,1,1,1,1,0,1,0,1,0,1,0,1,1,1,1
311,James Bendon,James Bendon,19.99,1,1,1,1,0,1,1,1,1,1,1,1,1,0,1,1,0,1,1
312,Ink Stains Games,HypeTrain Digital,0.0,0,1,1,0,1,0,1,0,0,0,0,0,1,0,0,0,1,1,1
313,Naddic Games,Naddic Games,19.99,1,1,0,0,0,0,1,0,1,0,0,1,1,0,0,0,0,1,0
314,CREATIVE ASSEMBLY,SEGA,13.99,0,0,1,1,0,1,1,1,1,1,1,1,1,1,1,1,0,0,1
315,Pugstorm,Fireshine Games,49.99,1,1,1,0,0,1,0,1,0,0,1,0,1,1,1,0,0,1,1
316,"MomoGames,Critical Bliss",Critical Bliss,0.0,1,1,1,0,1,0,0,1,0,0,1,1,0,1,0,1,0,1,1
317,Undead Labs,Xbox Game Studios,9.99,1,1,1,0,0,0,0,0,1,1,0,1,1,1,1,1,1,1,1
318,Frontier Developments,Frontier Developments,49.99,1,1,1,1,0,1,0,0,1,0,0,1,1,1,0,1,1,1,1
319,Dancing Dragon Games,Freedom Games,0.0,1,1,0,1,1,1,1,1,1,1,1,1,1,1,0,1,1,1,1
320,NeocoreGames,NeocoreGames,2.99,0,1,1,0,0,1,1,1,1,0,0,0,0,1,0,1,1,1,1
321,"Relic Entertainment,Forgotten Empires,Climax Studios,World's Edge",Xbox Game Studios,15.99,1,1,1,1,0,1,1,1,0,1,1,1,1,1,1,1,1,1,1
322,"Ubisoft Annecy,Ubisoft Belgrade,Ubisoft Kyiv,Ubisoft Pune,Ubisoft Odesa",Ubisoft Entertainment,19.99,1,0,1,1,0,1,1,1,1,1,1,1,1,1,1,0,0,1,1
323,Rusty Lake,Rusty Lake,0.99,1,0,0,1,0,0,0,0,0,1,0,0,0,0,0,0,1,0,0
324,Bombservice,PLAYISM,19.99,0,1,0,1,0,1,0,1,1,1,1,0,0,1,1,1,1,1,1
325,Sumo Digital,Secret Mode,29.99,0,0,0,1,0,0,0,0,0,0,0,0,0,1,0,0,0,0,1
326,Dennaton Games,Devolver Digital,29.99,1,1,0,1,0,1,1,0,1,0,1,1,1,1,0,0,1,0,0
327,Reactive Drop Team,Reactive Drop Team,1.99,1,0,0,0,0,0,0,0,0,0,1,1,0,1,1,1,1,1,1
328,RuneStorm,RuneStorm,19.99,1,1,1,1,0,1,1,1,1,1,1,1,1,0,0,0,1,0,1
329,"SkyBox Labs,Big Huge Games",Xbox Game Studios,4.99,1,1,1,1,0,1,0,0,1,0,1,1,1,1,1,1,1,1,0
330,Ironward,Ironward,0.99,0,0,1,0,0,1,1,0,1,0,0,0,1,0,0,0,1,0,1
331,DON'T NOD,Focus Entertainment,29.99,1,0,0,1,0,0,1,1,1,1,0,0,1,1,1,1,1,1,1
332,Sad Owl Studios,Thunderful Publishing,0.0,0,0,0,1,1,0,1,1,0,0,0,0,1,0,1,0,1,1,0
333,Dream Sloth Games,Dream Sloth Games,22.99,1,1,1,1,0,1,1,1,1,0,1,1,1,1,1,1,1,0,1
334,BANDAI NAMCO Studios Inc.,BANDAI NAMCO Entertainment,0.99,1,1,0,1,0,1,0,1,1,1,1,1,1,0,1,1,1,1,0
335,Brogames,HandMade Games,49.99,0,0,1,0,0,0,0,1,0,0,0,0,1,0,0,0,0,0,1
336,BoRoBoRoGame,OTAKU Plan,14.99,0,0,0,0,0,0,0,0,0,0,0,1,0,1,0,0,0,1,0
337,Superkami,Toplitz Productions,39.99,0,0,0,0,0,0,0,0,0,1,0,0,0,0,1,0,0,0,1
338,"CookieDev,Ultimate Games S.A.",PlayWay S.A.,39.99,1,1,1,1,0,1,1,0,0,0,1,1,0,1,0,0,1,1,0
339,BeamNG,BeamNG,59.99,1,0,1,0,0,1,1,0,0,1,1,0,1,1,1,1,1,1,1
340,Youthcat Studio,Gamera Games,8.99,0,1,0,1,0,1,1,0,0,1,0,0,1,0,1,1,0,1,0
341,Exbyte Studios,Exbyte Studios,14.99,0,0,0,0,0,0,0,0,1,0,0,1,1,0,1,0,1,1,1
342,Gentlymad,Assemble Entertainment,59.99,0,0,0,1,0,0,0,1,0,0,0,1,0,0,0,1,1,0,0
343,"Square Enix,M2 Co., Ltd.",Square Enix,24.99,0,1,1,1,0,1,1,0,1,0,0,1,0,0,0,0,1,0,1
344,Chalcedony Network,Chalcedony Network,0.0,1,1,1,1,1,1,1,1,1,1,1,1,0,1,1,1,1,1,1
345,"Visual Concepts,Yuke's Co., LTD",2K,49.99,0,1,1,1,0,0,0,1,0,1,1,1,1,0,0,1,1,1,0
346,Innersloth,Innersloth,24.99,0,1,0,0,0,1,0,1,1,1,0,1,1,1,1,0,1,0,1
347,"Ravn Studio,Rock Pocket Games,Invictus Games",Ravn Studio,24.99,1,0,1,1,0,0,0,1,1,1,1,0,1,0,0,0,0,1,1
348,Yin Games,Yin Games,19.99,1,0,1,0,0,0,0,0,0,0,0,1,1,0,1,0,1,1,0
349,2SD,KISS ltd,0.0,1,1,1,1,1,1,1,1,1,1,1,1,1,0,1,0,1,0,0
350,Supra Games,Supra Games,14.99,1,1,1,1,0,1,1,1,1,1,1,1,0,0,0,0,1,1,0
351,Math Tide,Thermite Games,8.99,1,0,1,1,0,1,0,1,0,0,0,1,0,1,1,1,1,1,1
352,"Machine Games,Arkane Studios",Bethesda Softworks,2.99,1,1,1,1,0,1,0,1,1,1,1,1,1,1,0,1,0,0,0
353,DO MY BEST,tinyBuild,16.99,1,1,1,1,0,1,0,1,1,0,0,1,1,0,0,0,0,1,0
354,Chime Corporation,"Spike Chunsoft Co., Ltd.",4.99,0,0,0,0,0,0,0,0,0,0,1,1,0,1,0,0,1,0,0
355,Young Horses,Young Horses,4.99,0,1,1,0,0,0,1,0,0,0,1,0,0,0,1,1,0,1,0
356,Tamsoft,"XSEED Games,Marvelous USA, Inc.,Marvelous",49.99,1,0,0,0,0,0,1,0,0,1,0,0,0,0,0,0,1,0,0
357,Ghost Games,Electronic Arts,29.99,1,1,1,1,0,1,1,1,1,0,0,1,0,1,1,1,1,1,1
358,Giant Army,Giant Army,14.99,0,0,0,0,0,0,1,1,1,1,1,0,1,1,1,1,1,1,1
359,Hello Games,Hello Games,39.99,0,0,0,0,0,1,0,1,1,1,1,0,1,1,1,1,1,1,1
360,Out of the Park Developments,Out of the Park Developments,9.99,0,0,1,0,0,0,0,0,0,0,1,0,0,1,0,0,0,0,1
361,"Squanch Games, Inc.","Squanch Games, Inc.",0.0,1,1,1,1,1,1,1,1,1,1,1,1,0,1,1,1,1,1,1
362,D3T,SEGA,29.99,0,0,0,0,0,1,0,1,0,0,0,0,0,0,0,1,0,0,0
363,Haiku Games Co,Haiku Games Co,14.99,1,0,1,1,0,1,0,1,1,1,1,1,1,0,0,0,1,0,0
364,Realmforge Studios,Kalypso Media,39.99,0,1,0,0,0,0,1,1,0,0,1,1,0,1,0,0,0,0,0
365,NetEase Games,NetEase Games,0.0,0,0,0,0,1,0,1,0,0,1,0,1,0,1,1,1,1,1,1
366,"KOEI TECMO GAMES CO., LTD.","KOEI TECMO GAMES CO., LTD.",0.0,1,1,0,1,1,1,1,1,0,1,0,0,0,1,1,1,0,0,0
367,Back To Basics Gaming,Back To Basics Gaming,24.99,0,0,0,0,0,0,0,1,0,1,0,1,1,0,0,0,0,1,0
368,Cold Hours,Cold Hours,14.99,0,0,0,0,0,1,0,0,0,0,0,0,0,1,0,1,1,0,1
369,Shanghai huan zhen Info Tech Ltd,XD,14.99,1,1,1,0,0,1,1,1,1,1,0,1,1,1,1,1,0,1,1
370,The Swordman Studio,Spiral Up Games,14.99,0,1,0,0,0,0,0,0,1,1,0,1,1,0,0,0,0,1,1
371,Nuno Donato,Conglomerate 5,59.99,0,1,1,0,0,0,0,1,0,1,0,1,1,0,1,1,0,0,0
372,Celeris,Celeris,17.99,1,0,1,0,0,1,1,1,1,1,1,1,1,1,0,1,1,0,1
373,1C Game Studios,1С-777 Limited,29.99,1,0,1,0,0,0,0,0,0,0,0,0,0,1,1,0,1,0,1
374,Volens Nolens Games,Volens Nolens Games,4.99,0,0,0,0,0,0,0,0,0,0,0,1,0,1,1,1,1,1,1
375,Sports Interactive,SEGA,0.0,1,1,0,0,1,1,1,1,0,0,1,0,0,0,1,0,1,1,1
376,Starbreeze Studios AB,505 Games,29.99,1,1,1,1,0,1,1,1,1,1,1,1,1,0,0,0,1,0,0
377,Black Lime Studio,Black Lime Studio,5.99,0,0,1,1,0,0,1,0,1,0,0,0,0,1,1,1,1,1,1
378,BoRoBoRoGame,OTAKU Plan,0.0,0,0,0,1,1,0,1,1,0,0,1,1,0,0,1,0,0,0,0
379,SDP Games,KISS ltd,29.99,1,1,1,1,0,1,1,1,1,0,0,1,1,0,0,0,1,1,1
380,SadSquare Studio,SadSquare Studio,59.99,0,0,1,1,0,0,0,1,1,1,1,1,1,1,1,1,1,1,0
381,Landon Podbielski,Adult Swim Games,59.99,0,1,0,1,0,0,1,1,1,1,1,1,1,1,1,1,1,1,1
382,"Claudiu Kiss,The Irregular Corporation",The Irregular Corporation,0.0,1,1,1,0,1,1,1,0,1,1,0,1,1,1,1,1,1,0,1
383,Konstantin Koshutin,MicroProse Software,0.0,0,0,1,1,1,1,1,0,1,1,1,1,1,1,1,1,0,0,1
384,"Mojang Studios,‪Double Eleven",Xbox Game Studios,3.99,0,0,1,1,0,0,0,1,0,1,0,1,1,0,0,1,0,0,0
385,CrazyMoo Games,Sunset Sugar Studios,0.0,1,1,1,1,1,1,1,1,1,1,1,1,1,0,1,1,1,0,0
386,GoeX GameS,GoeX GameS,19.99,1,0,1,1,0,1,0,1,1,1,1,0,1,0,0,1,1,1,0
387,Road Studio S.A.,"Green Man Gaming Publishing,Movie Games S.A.",14.99,0,1,0,1,0,0,0,0,0,1,0,1,0,0,0,0,0,1,1
388,Supermassive Games,BANDAI NAMCO Entertainment Europe,0.0,0,1,0,0,1,1,1,1,1,0,1,1,0,0,0,0,0,0,1
389,"Ludosity,Fair Play Labs",GameMill Entertainment,59.99,1,0,0,0,0,0,0,0,0,0,1,0,0,1,1,1,1,1,1
390,Sports Interactive,SEGA,0.0,0,0,1,0,1,0,0,1,0,0,0,0,0,1,0,0,0,0,1
391,MOBITECH LLC,MOBITECH LLC,19.99,1,1,1,0,0,1,1,1,1,1,1,1,1,1,1,1,1,1,1
392,Creepy Jar,Creepy Jar,49.99,0,1,1,1,0,1,1,1,1,0,1,1,1,0,0,1,0,0,0
393,"Nihon Falcom,Engine Software BV,PH3 GmbH","NIS America, Inc.",19.99,0,0,0,0,0,1,0,0,1,1,0,1,0,1,1,1,1,1,1
394,Lince Works,Lince Works,0.99,0,0,0,1,0,0,0,0,0,0,0,0,0,0,0,1,1,0,0
395,Klei Entertainment,Klei Entertainment,9.99,1,0,0,0,0,0,0,1,0,1,0,0,0,0,1,0,0,0,1
396,Towerfag,Critical Bliss,19.99,0,0,0,0,0,0,0,1,0,1,0,1,0,1,0,0,0,1,0
397,Soviet Games,Soviet Games,14.99,1,1,1,1,0,1,1,1,1,0,1,1,0,1,0,0,1,0,1
398,Codemasters,Electronic Arts,29.99,1,0,0,0,0,0,1,0,1,1,1,0,1,1,0,0,1,1,0
399,IR Studio,IR Studio,0.99,0,0,0,1,0,1,1,1,1,1,1,1,0,0,0,1,0,0,1
400,Frontier Developments,Frontier Developments,3.99,1,1,1,1,0,1,1,1,1,1,1,1,1,0,1,1,1,0,1
401,Landfall,tinyBuild,0.99,1,1,1,1,0,0,1,0,1,1,1,0,1,1,0,1,1,0,1
402,Systemic Reaction™,Systemic Reaction™,0.0,0,0,1,0,1,0,0,0,0,0,0,1,0,1,1,1,1,1,1
403,KONAMI,KONAMI,16.99,1,1,1,1,0,1,1,1,1,1,0,1,1,1,1,0,1,1,1
404,Archangel Studios,Archangel Studios,24.99,1,1,0,1,0,1,1,1,1,1,0,0,1,1,1,1,1,1,1
405,Cannibal Panda Studios,Cannibal Panda Studios,0.0,1,1,1,0,1,1,1,1,1,1,0,1,1,0,0,0,1,1,0
406,David Szymanski,New Blood Interactive,39.99,1,1,0,1,0,1,1,1,1,1,1,0,1,0,0,0,1,1,1
407,"Paradox Development Studio,Paradox Tinto",Paradox Interactive,0.0,0,1,0,1,1,0,0,0,1,0,1,0,0,1,1,1,1,1,1
408,SOUTHPAW GAMES,NEOWIZ,0.0,1,0,0,1,1,0,1,0,1,0,1,1,1,1,0,1,1,1,1
409,Sicarius,G-DEVS.com,19.99,0,1,1,1,0,0,1,1,0,0,1,1,1,0,0,1,0,0,0
410,SANDLOT,D3PUBLISHER,29.99,1,1,1,1,0,0,0,1,1,1,1,1,1,0,1,1,1,1,1
411,Live Motion Games,"Live Motion Games,Frozen Way,PlayWay S.A.,Frozen District",0.99,0,0,0,1,0,1,0,1,1,1,1,1,1,0,1,1,1,1,1
412,Relic Entertainment,SEGA,0.99,0,0,1,1,0,0,0,0,0,1,0,0,0,1,1,0,0,1,1
413,T3Entertainment,HanbitSoft Inc.,29.99,0,1,1,1,0,1,1,1,1,1,1,0,1,0,1,1,0,1,0
414,Eremite Games,Hooded Horse,19.99,0,0,0,1,0,1,1,0,1,0,0,0,0,0,0,0,0,1,0
415,Bugbyte Ltd.,Bugbyte Ltd.,0.0,1,0,1,1,1,1,1,1,0,1,1,0,1,0,1,0,1,0,1
416,Galvanic Games,Devolver Digital,0.0,0,1,1,0,1,0,0,0,0,0,0,0,0,0,0,1,1,1,1
417,"CyberConnect2 Co., Ltd.",BANDAI NAMCO Entertainment,0.0,1,1,1,0,1,1,1,1,1,1,0,1,1,0,1,1,0,1,0
418,Toylogic Inc.,PLAION,9.99,1,1,1,1,0,0,1,0,1,1,0,0,0,0,1,1,1,1,1
419,Utopian World of Sandwiches,Utopian World of Sandwiches,19.99,0,0,1,0,0,0,0,0,1,0,1,0,0,1,1,1,1,1,1
420,Betagames Group,Betagames Group,29.99,1,0,1,1,0,0,1,0,1,1,1,1,1,1,1,0,0,1,0
421,"SmiteWorks USA, LLC","SmiteWorks USA, LLC",14.99,1,0,1,0,0,0,1,0,0,1,0,1,1,1,0,0,0,1,0
422,Saber Interactive Inc,Saber Interactive Inc,0.0,1,1,1,0,1,1,1,1,1,0,1,1,1,1,1,1,1,1,0
423,Majorariatto,Majorariatto,29.99,0,0,0,1,0,1,0,0,1,0,0,0,0,1,0,0,0,1,0
424,Unexpected,"Goblinz Publishing,Maple Whispering Limited,Unexpected",19.99,0,0,1,1,0,1,0,0,0,0,0,0,0,0,0,1,1,0,0
425,"Alawar Stargaze,Alawar Entertainment",ESDigital Games,24.99,0,0,1,1,0,1,0,0,0,1,0,0,1,1,1,1,1,0,1
426,"Spike Chunsoft Co., Ltd.","Spike Chunsoft Co., Ltd.",11.99,0,0,0,1,0,0,0,1,0,0,0,0,0,0,0,1,0,1,0
427,Visual Concepts,2K,0.99,0,0,0,0,0,1,0,0,0,0,0,0,0,0,0,1,0,0,0
428,Ryu Ga Gotoku Studio,SEGA,39.99,0,1,0,0,0,0,1,0,1,1,1,0,0,0,0,0,0,0,1
429,DargomStudio,DargomStudio,29.99,1,1,0,0,0,1,0,0,1,0,0,0,0,0,0,0,0,1,0
430,Starlight Games,Starlight Games,24.99,1,1,1,1,0,1,1,1,1,1,1,1,1,1,1,1,1,1,1
431,"KOEI TECMO GAMES CO., LTD.","KOEI TECMO GAMES CO., LTD.",0.0,0,0,0,1,1,0,0,0,0,0,0,0,0,0,1,0,1,0,1
432,Contingent99,"Contingent99,Humble Games",29.99,1,1,1,1,0,1,1,1,1,1,1,1,1,0,0,1,0,0,0
433,Shiro Games,Shiro Unlimited,29.99,1,0,1,1,0,1,0,0,1,1,1,0,0,1,1,1,1,1,1
434,Leef 6010,Leef 6010,12.99,0,1,1,1,0,1,1,0,1,1,1,1,1,0,1,1,0,1,0
435,Rebound CG,Rebound CG,1.99,1,0,1,1,0,0,1,0,0,1,1,1,1,1,0,1,0,1,1
436,Flippfly LLC,Flippfly LLC,0.0,1,0,0,0,1,1,0,0,1,0,1,1,1,1,1,0,0,1,0
437,Glowstick Entertainment,Glowstick Entertainment,0.0,0,1,0,1,1,0,0,0,0,0,1,1,0,1,1,1,1,1,0
438,Kiddy,Kiddy,29.99,1,1,0,1,0,1,1,1,1,1,1,1,1,1,1,0,1,1,1
439,Holyday Studios,Holyday Studios,9.99,1,1,1,0,0,1,1,1,1,1,1,1,0,0,0,0,1,0,0
440,Fika Productions,Team17,4.99,1,0,0,0,0,0,0,1,1,0,1,1,0,0,0,0,1,0,1
441,Fiddlesticks Games,Curve Games,24.99,0,0,1,1,0,1,0,0,0,0,0,1,1,0,0,0,0,1,1
442,id Software,Bethesda Softworks,4.99,1,0,1,1,0,1,1,1,1,1,1,0,1,0,1,1,1,1,0
443,"Alexey Davydov,Sergey Dvoynikov,Timofey Shargorodskiy","Flazm,META Publishing",0.0,1,1,1,1,1,1,1,1,1,1,1,1,1,1,1,1,1,0,1
444,Rebellion,Rebellion,6.99,1,1,0,1,0,1,1,0,0,1,1,1,1,1,1,1,1,1,1
445,inXile Entertainment,inXile Entertainment,0.0,1,1,1,0,1,1,1,1,1,1,0,1,1,1,1,0,0,1,0
446,Volens Nolens Games,Volens Nolens Games,7.99,1,1,1,1,0,1,1,0,1,1,1,1,1,1,0,0,1,0,1
447,BlackFoot Studios,MicroProse Software,1.99,1,0,1,0,0,0,1,1,0,1,1,1,1,1,1,1,0,1,1
448,Doom Turtle,Twin Sails Interactive,0.0,1,0,0,0,1,0,1,1,1,1,0,0,1,0,0,0,1,1,0
449,Games Farm,Kalypso Media Digital,0.0,1,0,0,0,1,0,0,0,1,0,0,0,1,0,1,0,0,0,0
450,Santa Monica Studio,PlayStation PC LLC,0.0,1,1,1,1,1,1,1,1,1,1,0,1,1,1,1,0,1,0,0
451,KONAMI,KONAMI,0.0,1,0,0,1,1,1,0,0,1,1,0,1,0,0,1,1,0,0,0
452,Ubisoft Montréal,Ubisoft,9.99,1,1,1,1,0,1,0,1,1,0,1,0,1,1,1,1,1,1,1
453,"Asobimo, Inc.",Bandai Namco Entertainment,14.99,1,1,1,1,0,1,1,1,1,1,1,1,1,0,0,0,0,0,1
454,Ubisoft  Shanghaï,Ubisoft,14.99,0,0,0,0,0,0,0,0,0,1,0,0,0,1,1,0,0,0,0
455,Noio,Raw Fury,39.99,1,1,1,1,0,1,1,1,1,1,1,1,1,0,1,1,1,1,0
456,Mossmouth,Mossmouth,29.99,0,0,0,0,0,1,0,0,0,0,0,0,0,1,1,1,1,1,1
457,ARTDINK,Bandai Namco Entertainment,0.0,1,1,0,1,1,0,1,1,0,0,1,0,1,1,1,1,0,1,1
458,Midhard Games,101XP,0.0,0,0,0,0,1,1,1,0,0,0,0,0,1,0,1,0,0,0,0
459,"Insomniac Games,Nixxes Software",PlayStation PC LLC,0.0,1,1,1,0,1,1,0,0,0,1,1,0,0,1,0,0,1,0,0
460,ICSTOR,ICSTOR,16.99,1,1,1,0,0,1,1,1,0,1,1,0,1,1,0,1,0,1,1
461,CodeForce,Slitherine Ltd.,3.99,0,0,1,0,0,0,0,0,0,0,0,0,1,1,0,0,0,1,1
462,Melancholia Studio,Thermite Games,0.0,0,1,0,1,1,1,1,0,0,1,1,1,1,1,1,0,1,1,1
463,Magnum Scriptum,HypeTrain Digital,0.99,1,1,0,0,0,0,0,0,0,0,0,0,0,0,1,0,0,1,0
464,Madruga Works,Madruga Works,14.99,1,1,1,0,0,1,1,1,0,1,1,0,0,1,1,0,0,0,0
465,CREATIVE ASSEMBLY,SEGA,49.99,1,1,0,1,0,1,0,1,1,1,1,1,1,0,0,0,1,0,1
466,Bossa Studios,tinyBuild,14.99,0,0,1,0,0,1,1,0,0,0,0,1,1,0,0,1,0,1,0
467,"Wise Wizard Games, LLC","Wise Wizard Games, LLC",0.0,1,1,0,1,1,0,1,1,1,1,0,0,0,1,1,1,1,1,1
468,11 bit studios,11 bit studios,29.99,1,0,1,1,0,0,1,1,1,1,0,1,1,1,0,1,1,0,1
469,Two Point Studios,SEGA,39.99,0,0,1,0,0,1,0,1,1,0,0,0,1,0,1,0,0,0,0
470,"Jackbox Games, Inc.","Jackbox Games, Inc.",0.0,1,0,1,0,1,1,1,1,1,1,0,0,0,1,1,1,1,1,1
471,KHB-Soft,KHB-Soft,3.99,1,1,0,1,0,1,1,1,1,0,1,1,1,1,1,1,1,1,1
472,Agiriko,Agiriko,59.99,1,1,1,0,0,1,1,1,0,0,1,1,0,0,0,1,0,0,0
473,"Spike Chunsoft Co., Ltd.","Spike Chunsoft Co., Ltd.",59.99,1,0,1,0,0,1,1,1,1,1,1,1,1,1,0,0,1,0,0
474,Sumo Digital,Gun Interactive,0.0,1,0,0,1,1,1,0,1,0,1,1,0,0,1,0,0,0,0,0
475,Rebellion,Rebellion,14.99,1,1,1,1,0,1,1,0,1,1,1,1,1,1,1,1,0,1,1
476,Hutlihut Games,Focus Entertainment,12.99,1,0,0,1,0,0,1,1,0,1,0,0,0,0,1,1,1,0,1
477,ToastieLabs,ToastieLabs,0.0,1,1,1,0,1,0,1,0,1,1,1,0,1,1,1,1,1,1,1
478,"Free Games Info,hyperboreanGames",Back To Basics Gaming,0.99,1,1,1,1,0,0,1,0,1,0,0,1,0,1,1,1,1,1,1
479,Daybreak Game Company,Daybreak Game Company,14.99,1,1,1,1,0,0,1,1,0,1,0,1,1,0,1,0,0,0,0
480,NEKO WORKs,Sekai Project,29.99,0,0,1,0,0,1,0,0,0,0,0,0,0,1,1,1,1,1,1
481,Anvil Game Studios,Anvil Game Studios,69.99,0,1,0,1,0,1,0,1,1,1,0,0,1,0,1,1,1,0,0
482,"Codemasters,Feral Interactive (Mac),Feral Interactive (Linux)","Codemasters,Feral Interactive (Mac),Feral Interactive (Linux),Electronic Arts",9.99,1,1,1,1,0,1,1,1,1,1,1,1,1,0,0,1,1,0,0
483,"Ludosity,Fair Play Labs",GameMill Entertainment,14.99,1,0,1,0,0,0,1,0,0,1,0,0,1,0,1,1,0,1,1
484,TeamNova,TeamNova,4.99,1,1,1,0,0,0,0,0,0,1,0,1,0,1,1,1,0,1,0
485,Warpzone Studios,Team17 Digital,6.99,0,0,1,0,0,0,0,0,0,0,0,0,0,1,1,1,1,1,1
486,Gears for Breakfast,Gears for Breakfast,29.99,1,0,1,0,0,0,0,0,1,1,1,0,1,1,1,1,1,1,1
487,Idea Factory,Ghostlight LTD,0.0,1,1,1,0,1,0,0,1,0,0,0,1,0,1,1,0,1,1,1
488,Temple Gates Games,Temple Gates Games,19.99,1,1,1,1,0,0,1,1,1,1,1,0,1,0,0,0,0,0,1
489,Subworld,Subworld,0.0,1,0,1,1,1,0,0,1,1,1,0,1,1,1,1,1,1,1,1
490,Coach Apps,Coach Apps,14.99,0,1,0,0,0,0,0,0,0,0,0,0,0,1,1,0,0,0,0
491,Neverjam,tinyBuild,17.99,0,0,0,0,0,0,1,0,0,1,0,0,0,0,1,1,0,0,0
492,Retro Army Limited,paulstephendavis,14.99,1,1,1,1,0,1,1,1,1,1,1,1,1,0,0,0,0,0,1
493,Criterion Games,Electronic Arts,29.99,1,1,0,1,0,1,1,1,0,0,1,1,0,1,0,0,0,0,1
494,stillalive studios,astragon Entertainment,14.99,0,1,1,0,0,1,0,1,0,0,1,0,0,1,1,1,1,1,1
495,Gameloft,Gameloft,14.99,0,0,0,0,0,0,0,1,0,1,0,0,0,1,1,1,1,1,1
496,Studio MDHR Entertainment Inc.,Studio MDHR Entertainment Inc.,21.99,1,1,1,1,0,1,1,1,1,1,1,1,0,0,0,1,1,1,1
497,Triangle Studios,Curve Games,19.99,1,1,1,1,0,1,1,1,1,1,1,1,0,0,0,1,0,1,1
498,CakeEaterGames,CakeEaterGames,15.99,0,0,1,0,0,0,1,1,0,1,0,1,1,1,1,0,1,0,1
499,Scott Cawthon,Scott Cawthon,11.99,1,0,0,1,0,0,1,0,0,0,1,1,0,1,1,1,0,1,1
500,Stardock Entertainment,Stardock Entertainment,44.99,0,1,0,0,0,0,0,0,1,0,1,0,1,1,0,1,1,0,0
501,David OReilly,David OReilly,17.99,1,1,1,1,0,1,1,1,1,1,1,0,1,0,0,0,0,1,0
502,Gaijin Entertainment,Gaijin Network Ltd,11.99,0,1,0,1,0,0,0,0,0,0,1,0,0,1,1,1,1,1,1
503,Ryu Ga Gotoku Studio,SEGA,9.99,0,1,1,0,0,1,0,0,0,0,0,0,0,0,1,0,0,1,1
504,Ryu Ga Gotoku Studio,SEGA,0.0,1,1,1,0,1,1,1,1,0,0,0,0,1,1,1,1,1,1,1
505,Novarama,Novarama,19.99,1,0,0,1,0,0,0,1,1,1,0,1,1,0,1,1,0,1,0
506,Gruby Entertainment,SuperGG.com,0.0,1,1,0,0,1,0,0,1,1,0,0,0,0,0,1,1,1,1,1
507,SoulGame Studio,Armor Games Studios,1.99,1,1,1,1,0,1,1,1,1,1,1,1,1,0,1,1,1,1,1
508,Envision Entertainment,Envision Entertainment,29.99,1,1,0,1,0,1,1,1,1,0,0,1,1,1,1,1,1,1,1
509,Fusion Creators Studio,"Fusion Creators Studio,Mixarar",0.0,0,1,1,0,1,1,1,1,1,1,1,0,1,1,1,1,0,1,1
510,Red Brix Wall,MY.GAMES,0.0,0,0,0,0,1,0,0,0,0,0,1,0,0,0,0,0,1,0,1
511,Matt Dabrowski,tinyBuild,59.99,0,1,1,1,0,1,1,1,1,1,1,0,1,0,0,0,0,0,1
512,Silver Dollar Games,Silver Dollar Games,34.99,0,0,0,0,0,0,0,1,0,0,1,0,0,0,1,1,0,1,0
513,11 bit studios,11 bit studios,0.99,0,0,0,1,0,1,1,0,0,1,0,1,1,1,1,1,1,0,0
514,Wonder People,Wonder Games,0.0,1,1,1,0,1,1,1,1,1,1,0,1,1,1,0,0,0,1,1
515,Shiro Games,Shiro Unlimited,9.99,1,1,1,1,0,0,1,1,1,1,1,1,0,1,1,1,1,1,1
516,"Podval Games,KremlinDev",GOSZAKAZ,29.99,1,1,1,1,0,0,1,0,0,0,0,0,0,0,0,1,0,1,0
517,Bethesda Game Studios,Bethesda Softworks,14.99,1,1,1,1,0,1,1,1,1,1,1,1,1,0,0,1,0,1,1
518,Codemasters,"Codemasters,Electronic Arts",17.99,0,0,0,0,0,1,1,1,0,1,0,1,1,0,1,1,0,0,0
519,"Artix Entertainment, LLC","Artix Entertainment, LLC",0.0,1,1,1,0,1,1,0,1,1,1,1,0,0,0,0,0,1,0,1
520,Pearl Abyss,Pearl Abyss,19.99,1,1,1,1,0,1,1,1,1,1,1,1,1,1,1,0,0,0,0
521,16bit Nights,Back To Basics Gaming,0.0,1,0,0,0,1,1,1,1,0,1,1,0,1,1,1,1,1,1,1
522,"Jackbox Games, Inc.","Jackbox Games, Inc.",29.99,1,1,1,0,0,1,1,1,1,1,0,0,0,1,0,0,0,0,0
523,Croteam,"Devolver Digital,Croteam",19.99,0,1,0,0,0,0,1,0,1,0,1,1,1,1,1,1,1,1,1
524,"KAIKO,Vigil Games",THQ Nordic,24.99,1,1,1,1,0,1,1,1,1,1,1,1,0,1,1,0,1,0,1
525,Dio Alias Games,Dio Alias Games,0.0,1,0,1,1,1,0,1,1,1,1,0,0,0,1,0,0,0,0,0
526,Volens Nolens Games,Volens Nolens Games,19.99,0,0,0,1,0,0,1,1,1,1,1,1,0,1,1,1,1,1,1
527,Andrealphus Games,Andrealphus Games,24.99,1,0,0,0,0,0,0,0,0,0,0,0,0,0,1,1,1,1,1
528,Ironward,505 Games,0.0,0,0,0,0,1,0,0,1,0,0,0,0,0,1,0,1,1,0,1
529,Blastoid Entertainment,Back To Basics Gaming,1.99,1,1,0,0,0,1,1,1,1,0,1,1,0,1,0,1,1,1,1
530,Yin Games,Yin Games,13.99,0,0,0,1,0,1,1,1,0,0,1,1,0,0,0,1,1,0,1
531,Bat Byte,Bat Byte,19.99,1,0,0,1,0,0,0,0,0,0,1,1,0,1,0,0,0,1,1
532,Image & Form Games,Image & Form Games,0.0,1,0,0,0,1,0,0,0,0,0,0,0,0,1,1,0,1,1,1
533,U.S. Army,U.S. Army,19.99,0,0,0,0,0,0,0,0,0,0,0,0,1,1,0,0,1,1,1
534,Fair Play Labs,GameMill Entertainment,1.99,1,1,0,1,0,1,1,0,1,0,1,1,1,1,1,1,1,1,1
535,汉家松鼠Han-Squirrel Studio,XD,29.99,0,0,0,1,0,0,1,0,0,1,0,0,0,0,1,1,1,0,1
536,Klei Entertainment,Klei Entertainment,59.99,0,1,1,1,0,1,1,1,0,1,0,0,1,0,1,1,1,0,0
537,Kodera Software,"Kodera Software,Kurki.games",1.99,1,1,1,1,0,1,1,1,1,1,1,1,1,1,0,1,0,1,0
538,"TT Fusion,Traveller's Tales",Warner Bros. Interactive Entertainment,0.99,0,0,0,0,0,0,0,0,0,0,1,0,0,0,0,0,0,1,0
539,xDNA,Nutaku Publishing,0.0,1,0,1,1,1,1,1,1,1,1,0,1,1,0,0,0,0,1,0
540,PixelCount Studios,PixelCount Studios,15.99,1,1,1,1,0,1,1,1,1,1,1,1,1,1,1,1,1,1,1
541,Bugbyte Ltd.,Bugbyte Ltd.,0.0,1,0,1,0,1,0,0,0,0,0,0,0,0,0,0,1,1,0,0
542,"KOEI TECMO GAMES CO., LTD.","KOEI TECMO GAMES CO., LTD.",24.99,1,0,0,1,0,0,1,0,0,1,1,1,1,1,0,0,0,1,1
543,Oni Gaming,Oni Gaming,29.99,1,1,0,0,0,0,0,1,0,1,1,1,1,0,1,1,0,0,0
544,"Free Games Info,hyperboreanGames",Back To Basics Gaming,59.99,1,1,1,1,0,0,1,1,1,1,1,1,1,1,1,1,1,1,1
545,House House,Panic,14.99,0,1,0,0,0,0,1,0,0,0,1,1,0,0,1,1,1,1,1
546,"IMCGAMES CO., LTD.","IMCGAMES CO., LTD.",0.0,0,1,1,1,1,1,1,1,1,1,0,1,0,0,1,0,1,0,1
547,Overgroup,Overgroup,5.99,1,1,0,0,0,0,0,0,1,0,1,0,0,1,1,1,1,1,1
548,Wadup Games,Conglomerate 5,17.99,1,1,0,0,0,1,1,0,0,1,0,0,0,1,1,1,1,1,0
549,Abrakam Entertainment SA,Versus Evil,19.99,1,1,0,0,0,1,0,0,0,1,0,1,0,0,0,0,0,1,0
550,Zoteling,Zoteling,4.99,0,0,0,0,0,1,0,0,0,0,0,0,0,1,0,1,0,0,1
551,WolfEye Studios,Devolver Digital,29.99,1,1,1,1,0,1,1,1,1,1,1,1,1,1,1,1,1,1,1
552,Coffee Stain Studios,Coffee Stain Publishing,0.0,0,0,0,0,1,0,0,0,1,0,1,0,0,0,1,0,0,1,0
553,YUZUSOFT,"HIKARI FIELD,NekoNyan Ltd.",9.99,1,0,0,1,0,0,1,1,1,1,1,1,1,1,1,1,1,0,1
554,"Stardock Entertainment,Oxide Games",Stardock Entertainment,59.99,1,0,1,1,0,1,1,0,1,1,0,1,0,1,1,0,0,0,1
555,"Hangar 13,D3T",2K,9.99,1,0,1,0,0,0,0,0,1,0,0,0,1,1,1,1,1,1,0
556,Redstone Interactive,Offworld,19.99,1,1,0,0,0,0,0,1,1,0,0,1,0,1,1,1,1,0,1
557,Northwood Studios,Northwood Studios,0.99,0,0,0,0,0,0,0,0,0,0,0,0,1,1,0,1,1,1,0
558,Psyop,KFC,44.99,1,1,1,1,0,1,1,0,0,1,0,0,0,0,0,0,1,0,0
559,Mimimi Games,THQ Nordic,0.99,1,1,1,1,0,1,1,1,1,0,1,1,1,0,1,0,0,0,0
560,IO Interactive A/S,IO Interactive A/S,19.99,1,1,1,1,0,1,1,1,1,0,1,1,1,1,1,1,1,1,1
561,E Bros,E Bros,0.99,0,0,0,0,0,1,1,0,0,0,1,1,1,0,0,1,0,1,1
562,Telltale Games,Telltale Games,0.0,1,0,0,0,1,0,0,1,0,0,0,0,0,0,0,1,0,0,0
563,Mana Potion Studios,Mana Potion Studios,34.99,0,0,1,1,0,0,0,0,0,0,0,1,0,0,1,0,0,0,1
564,Racing Bros,ANPA.US,0.0,0,1,1,1,1,0,1,0,0,0,0,0,0,1,1,1,1,1,1
565,Scott Cawthon,Scott Cawthon,14.99,0,0,1,1,0,1,1,1,1,0,1,1,1,1,1,1,0,0,0
566,The Knights of Unity,The Knights of Unity,34.99,1,1,1,1,0,1,1,1,1,1,1,1,1,1,1,0,1,0,1
567,SC Jogos,SC Jogos,1.99,1,1,1,1,0,1,1,1,1,1,1,1,1,0,0,0,1,0,0
568,JoySpark Games,JoySpark Games,29.99,1,1,1,1,0,1,1,1,1,1,1,1,1,1,1,1,0,1,1
569,Studio 8,Friends Games Corp.,0.0,0,1,1,1,1,1,1,0,1,1,1,1,1,1,1,1,1,1,1
570,AIDIS Inc.,AIDIS Inc.,0.0,0,0,0,1,1,1,0,0,1,0,1,1,1,0,1,1,1,1,1
571,FishSoft LLC,FishSoft LLC,14.99,1,1,1,1,0,1,1,1,1,1,1,1,1,0,1,1,0,0,0
572,Bigpoint GmbH,Bigpoint GmbH,0.0,1,1,1,1,1,0,1,0,0,0,1,0,0,1,0,1,1,1,1
573,Daedalic Studio West,Daedalic Entertainment,29.99,0,0,1,1,0,0,0,0,0,0,0,0,0,0,1,0,1,0,0
574,Veewo Games,"Team17,Yooreka Studio (China)",29.99,0,0,0,0,0,1,0,0,0,1,0,1,1,1,0,0,0,0,0
575,Flying Wild Hog,Devolver Digital,29.99,0,0,0,0,0,1,0,0,0,0,0,0,1,0,1,1,0,0,0
576,"Synapse Games,Chinzilla",Kongregate,49.99,1,1,1,1,0,1,1,0,1,1,1,1,1,1,0,0,0,0,1
577,"Vicarious Visions,Iron Galaxy Studios",Activision,0.0,1,1,1,1,1,1,1,1,1,1,1,0,0,0,1,0,0,1,1
578,Anisoptera Games,Indie Voyage,29.99,0,0,0,0,0,1,1,0,0,1,1,1,1,0,0,1,0,0,0
579,Farlight Games,Farlight Games,19.99,0,0,1,1,0,0,0,0,1,0,0,0,0,1,0,0,1,0,0
580,Paul Marrable,Funbox Media Ltd,0.0,1,1,0,1,1,0,1,1,1,1,1,1,0,1,1,1,1,0,1
581,KAGAMI Ⅱ WORKs,NIJICO,29.99,0,0,0,1,0,1,1,1,1,1,0,1,0,1,0,0,1,0,1
582,Konnichiwa Games,Konnichiwa Games,13.99,0,1,0,0,0,0,1,1,0,0,0,1,0,0,0,0,1,0,0
583,Michael Zahniser,Michael Zahniser,0.0,0,0,0,0,1,0,0,1,0,0,1,0,0,0,1,1,1,1,1
584,"id Software,Avalanche Studios",Bethesda Softworks,39.99,1,1,1,0,0,0,1,1,0,1,0,1,0,0,1,0,1,1,1
585,MINTROCKET,MINTROCKET,0.0,0,1,0,0,1,0,0,0,0,0,0,0,0,0,1,0,0,0,0
586,Pocketpair,Pocketpair,34.99,0,0,0,1,0,1,0,0,0,1,0,1,0,1,1,1,1,1,1
587,Slormite Studios,"Slormite Studios,Abiding Bridge",4.99,0,0,0,0,0,1,0,0,0,1,0,1,1,1,1,0,1,0,1
588,Studio II,THQ Nordic,24.99,0,0,0,0,0,0,0,0,0,0,0,0,1,0,1,0,1,1,0
589,Divine Games,Kongregate,9.99,1,1,0,1,0,1,1,1,0,0,1,1,1,1,1,0,1,1,1
590,PopCap,Electronic Arts,5.99,1,0,0,0,0,0,0,0,0,0,1,1,0,1,0,1,1,1,1
591,ALPHAWING Inc.,PLAYISM,39.99,1,1,1,1,0,1,1,1,1,1,0,0,1,1,0,0,0,1,1
592,Moon Moose,tinyBuild,14.99,0,1,0,0,0,1,0,0,1,0,0,0,0,1,0,0,1,0,0
593,"Eerie Guest,tinyBuild",tinyBuild,0.99,0,1,1,0,0,0,0,0,1,1,0,1,0,0,0,0,0,1,0
594,Game Smithing Limited,Game Smithing Limited,49.99,1,1,0,1,0,0,1,1,1,0,0,1,0,1,1,0,1,1,1
595,Fishing Cactus,Plug In Digital,19.99,1,1,1,1,0,1,1,0,1,1,1,1,1,1,1,1,1,1,1
596,Old Games,Old Games,0.0,1,0,0,1,1,0,0,1,0,1,1,0,0,1,0,0,1,0,0
597,"Ubisoft Paris,Ubisoft Annecy,Ubisoft Bucharest,Ubisoft Montpellier,Ubisoft Milan,Reflections,Ubisoft Belgrade",Ubisoft,12.99,1,1,0,1,0,1,0,0,1,1,0,0,0,0,0,1,0,1,0
598,Fury Software,Slitherine Ltd.,29.99,1,0,0,0,0,0,1,0,1,0,0,1,0,1,1,1,0,0,1
599,Square Enix,Square Enix,0.0,0,0,0,1,1,1,1,0,0,1,1,0,0,0,1,1,0,0,0
600,"CREATIVE ASSEMBLY,Feral Interactive (Linux),Feral Interactive (Mac)","SEGA,Feral Interactive (Linux),Feral Interactive (Mac)",0.0,0,0,0,0,1,1,0,0,0,0,0,0,0,0,1,1,0,1,1
601,Rebellion,Rebellion,9.99,1,1,1,1,0,1,1,1,1,1,1,0,1,0,1,0,1,0,0
602,Caramel-Mocha Studio,LoveStoryProject,0.99,0,1,1,0,0,0,1,1,1,0,1,0,1,0,1,0,0,0,0
603,SandCastles Studio,Apogee Entertainment,14.99,1,1,0,0,0,1,0,0,1,1,1,1,1,1,0,1,0,0,1
604,Two and a Half Studios,Two and a Half Studios,0.0,0,1,0,1,1,0,1,0,1,0,1,1,0,1,1,0,1,1,1
605,Pieces Interactive,Paradox Interactive,22.99,1,0,0,0,0,0,0,0,1,1,1,0,0,1,0,1,0,0,1
606,Techland,Deep Silver,9.99,1,0,0,1,0,0,1,1,0,1,1,1,1,1,1,1,1,1,1
607,"KOEI TECMO GAMES CO., LTD.","KOEI TECMO GAMES CO., LTD.",39.99,0,1,1,0,0,0,0,0,1,0,0,1,0,0,0,1,0,1,0
608,"BadFly Interactive, a.s.","BadFly Interactive, a.s.",14.99,0,0,1,0,0,0,0,0,1,0,0,0,0,1,0,1,1,1,1
609,Humble Hearts LLC,Xbox Game Studios,24.99,0,0,0,0,0,0,0,0,0,0,0,0,1,0,1,0,0,0,0
610,Breadmen,Breadman,39.99,1,1,1,1,0,1,1,1,1,1,1,1,1,0,0,1,0,0,1
611,stillalive studios,Aerosoft GmbH,25.99,1,1,0,0,0,0,1,1,1,1,0,1,0,0,1,0,0,1,0
612,JIW-Games,JIW-Games,59.99,1,1,1,1,0,1,1,1,0,1,0,1,0,1,0,0,0,0,0
613,"Ravn Studio,Rock Pocket Games,Invictus Games",Ravn Studio,29.99,1,1,0,1,0,1,1,0,0,1,1,1,0,1,1,1,1,1,1
614,"Black Chicken Studios, inc.","Black Chicken Studios, inc.",16.99,1,0,0,0,0,1,0,1,1,0,1,0,1,0,1,0,0,0,0
615,Butterscotch Shenanigans,Butterscotch Shenanigans,19.99,1,1,1,1,0,1,1,0,1,1,1,1,1,1,1,1,1,1,1
616,Kumi Souls Games,Playstack,14.99,1,0,1,1,0,1,1,1,0,1,1,1,1,1,1,1,1,1,1
617,Last Bastion Studios LLC,Last Bastion Studios LLC,0.0,1,1,1,1,1,0,1,1,0,1,1,1,1,1,0,1,1,1,0
618,Z Studio,ParasGames,11.99,0,0,1,0,0,0,0,0,0,0,0,0,0,1,0,0,0,0,1
619,Game River,Paradox Arc,19.99,0,1,1,1,0,1,1,1,0,1,1,1,1,0,0,1,0,0,0
620,"Nihon Falcom,Engine Software BV,PH3 GmbH","NIS America, Inc.",14.99,1,1,1,0,0,1,1,0,0,1,1,0,1,0,1,0,0,0,0
621,Dennaton Games,Devolver Digital,0.0,0,0,1,0,1,1,0,0,0,1,1,0,1,0,1,1,0,0,0
622,Benjamin Famiglietti,SA Industry,0.0,1,1,1,1,1,1,1,1,1,1,1,1,1,1,1,1,1,1,1
623,Rusty Lake,Rusty Lake,0.99,0,0,0,0,0,1,1,1,0,1,1,0,0,1,1,1,1,1,1
624,Quiet River,Quiet River,29.99,0,0,0,0,0,0,0,1,0,0,0,0,0,1,0,1,1,1,1
625,Meta Fork,DigiPen Institute of Technology,34.99,0,1,0,0,0,1,0,0,0,1,0,0,0,0,0,1,1,0,1
626,Realmforge Studios,Kalypso Media,24.99,1,1,0,1,0,0,1,1,1,1,1,0,1,1,0,1,0,1,0
627,"United Front Games,Feral Interactive (Mac)","Square Enix,Feral Interactive (Mac)",0.0,1,1,1,1,1,1,1,1,1,1,1,1,1,1,1,1,1,1,1
628,Greenheart Games 💚,Greenheart Games 💚,0.99,0,0,1,1,0,0,0,0,0,0,0,0,0,1,1,1,0,0,1
629,Strange Loop Games,Strange Loop Games,19.99,1,1,1,1,0,1,1,1,1,1,1,1,1,0,0,1,0,0,0
630,Square Enix,Square Enix,59.99,0,1,0,1,0,0,0,1,0,1,0,1,1,0,0,1,1,0,1
631,MUMO STUDIO,MUMO STUDIO,0.0,1,1,1,1,1,1,1,1,1,1,1,1,1,1,1,0,1,1,1
632,"Monstars Inc.,Resonair,Stage Games",Enhance,0.0,0,1,1,0,1,1,1,1,0,1,1,0,1,0,0,0,0,1,1
633,LINE Games Corporation,LINE Games Corporation,14.99,1,1,1,1,0,1,1,1,1,1,1,1,1,0,0,0,1,1,0
634,Illegal Turtle 🐢,Illegal Turtle 🐢,8.99,1,0,0,1,0,0,0,0,0,1,0,1,0,1,1,1,1,1,1
635,5 Lives Studios,5 Lives Studios,14.99,1,1,1,1,0,1,1,0,1,1,0,1,1,1,1,1,1,1,1
636,NeocoreGames,NeocoreGames,59.99,0,0,0,1,0,1,0,0,0,1,1,1,1,1,0,1,0,0,1
637,Spearhead Games,Spearhead Games,14.99,1,0,0,0,0,0,0,0,0,0,0,0,1,0,1,1,0,1,1
638,yfyx games,My Way Games,0.0,0,0,0,0,1,0,1,0,1,0,0,0,1,1,1,0,1,0,0
639,Telltale Games,Telltale Games,19.99,0,1,1,1,0,1,1,1,1,1,1,1,1,0,1,0,1,1,0
640,DL Softworks,DL Softworks,12.99,0,0,0,1,0,0,0,1,0,1,0,0,1,0,0,0,1,0,0
641,"Monstars Inc.,Resonair,Stage Games",Enhance,2.99,0,0,0,0,0,0,0,0,0,1,0,0,0,1,1,1,1,1,1
642,Frontier Developments,Frontier Developments,29.99,1,0,1,1,0,0,0,0,1,1,1,1,0,1,1,0,0,0,0
643,Eidos-Montréal,Eidos Interactive Corp.,29.99,1,0,0,1,0,1,0,0,0,0,0,0,0,1,0,1,0,1,1
644,Marvelous Inc.,"XSEED Games,Marvelous USA, Inc.,Marvelous",14.99,0,0,1,0,0,1,1,1,0,1,0,0,1,1,1,1,1,1,1
645,Light Bringer Games inc.,Light Bringer Games inc.,12.99,1,1,1,1,0,1,1,1,1,1,1,1,1,0,1,0,0,1,1
646,"Sledgehammer Games,Treyarch,High Moon Studios,Raven Software,Beenox,Demonware",Activision,4.99,0,1,0,0,0,0,1,1,1,0,0,1,0,0,0,0,1,1,0
647,Forever Entertainment S. A.,Forever Entertainment S. A.,0.0,0,1,1,1,1,0,0,1,1,1,1,1,1,1,1,1,1,0,1
648,Glyph Worlds,Glyph Worlds,6.99,0,0,0,1,0,1,0,1,0,1,0,0,1,0,0,1,1,0,1
649,HFM Games,HFM Games,29.99,0,0,0,0,0,0,0,0,1,0,0,0,0,0,0,0,0,0,1
650,BeamNG,BeamNG,9.99,0,1,0,1,0,0,0,0,0,0,0,0,1,1,1,1,1,0,1
651,Coffee Stain Studios,Coffee Stain Publishing,0.99,1,1,0,1,0,0,1,0,1,1,1,1,1,1,0,1,1,1,1
652,Piranha Games Inc.,Piranha Games Inc.,9.99,0,0,1,0,0,1,1,0,1,0,0,1,0,1,0,1,1,0,1
653,Voracious Games,"XSEED Games,Marvelous USA, Inc.",59.99,1,1,1,1,0,1,1,1,1,1,0,1,1,1,1,0,1,0,1
654,Retro Forge,Dear Villagers,69.99,1,1,1,1,0,1,1,0,1,1,1,1,1,1,1,1,0,1,1
655,Capcom,Capcom,29.99,1,1,1,1,0,1,1,0,1,1,1,0,1,1,1,1,1,1,1
656,"Jerzie,Creobit",8Floor,19.99,1,0,1,0,0,1,1,1,1,1,1,0,1,0,1,1,0,1,1
657,Lion game Lion,Starbreeze Publishing AB,0.99,1,1,1,0,0,0,1,0,1,1,0,1,1,1,1,1,1,1,1
658,niceplay games,tinyBuild,4.99,1,0,1,0,0,0,1,0,1,1,0,0,0,1,1,1,1,1,1
659,Stardock Entertainment,Stardock Entertainment,0.0,1,1,1,1,1,1,0,1,0,1,1,1,1,0,0,0,1,0,0
660,ToastieLabs,ToastieLabs,29.99,1,1,0,1,0,1,0,0,0,1,0,1,0,0,0,1,0,0,1
661,Retro Army Limited,paulstephendavis,19.99,1,0,1,0,0,1,1,0,0,1,0,1,1,1,0,0,0,1,1
662,Electric Succubi,Electric Succubi,29.99,0,0,0,1,0,0,0,0,0,0,0,1,0,1,0,0,0,1,0
663,Daedalic Entertainment,Daedalic Entertainment,5.99,0,0,1,0,0,1,0,0,0,0,1,0,0,0,0,0,1,0,0
664,Pine Studio,Pine Studio,4.99,1,1,1,1,0,1,1,1,1,1,1,1,1,0,0,0,1,1,1
665,Manic Mice,Manic Mice,0.0,0,1,0,1,1,1,1,0,1,0,0,1,0,0,0,1,0,0,0
666,Get Up Games,Iceberg Interactive,0.0,1,0,0,1,1,1,1,0,0,1,0,1,0,1,1,0,0,0,0
667,Mimimi Games,THQ Nordic,0.0,1,1,0,1,1,1,1,1,1,1,1,1,0,0,0,0,0,0,1
668,Purple Lamp,THQ Nordic,14.99,0,0,0,1,0,1,0,1,0,0,0,0,0,1,0,1,0,0,1
669,Dio Alias Games,Dio Alias Games,34.99,1,1,0,1,0,1,1,0,1,1,1,0,1,1,0,1,0,1,1
670,WhackAKey Games,Conglomerate 5,1.99,0,1,0,0,0,0,0,1,1,0,0,1,1,1,1,1,0,1,1
671,HideChara,Thermite Games,24.99,0,0,0,0,0,1,1,0,0,0,0,0,0,0,0,1,0,0,0
672,BANDAI NAMCO Studios Inc.,BANDAI NAMCO Entertainment,0.0,1,0,1,0,1,1,0,0,1,0,1,0,0,0,1,1,1,1,1
673,Madbyte Games,Madbyte Games,29.99,0,1,1,1,0,0,1,1,1,1,1,1,0,0,1,1,1,1,0
674,Fluppisoft,Fluppisoft,0.0,0,1,0,0,1,0,1,1,0,0,0,0,1,0,0,0,0,0,1
675,Alan Edwardes,Alan Edwardes,29.99,0,1,1,0,0,1,1,1,1,0,0,1,1,1,1,1,0,1,1
676,Crows Crows Crows,Crows Crows Crows,4.99,0,1,0,0,0,0,1,0,0,0,0,0,0,1,1,1,1,1,0
677,Odyssey Interactive,Odyssey Interactive,39.99,1,0,1,1,0,0,1,1,1,1,0,1,0,0,0,0,0,1,0
678,Frozenmerk Games,Frozenmerk Games,9.99,0,1,1,0,0,1,0,1,1,0,0,1,1,0,1,0,0,1,1
679,Sharkmob AB,Sharkmob AB,17.99,1,1,1,1,0,1,1,1,1,1,1,1,1,1,1,1,0,1,1
680,Prism Game Studios Ltd.,Prism Game Studios Ltd.,19.99,1,0,1,1,0,0,0,1,1,0,0,0,1,0,1,0,1,1,0
681,Kinetic Games,Kinetic Games,9.99,1,1,1,1,0,1,1,1,1,1,1,1,1,1,0,1,1,0,1
682,Old Games,Old Games,1.99,0,1,0,0,0,1,0,1,1,0,1,1,1,1,1,0,0,1,1
683,DICE,Electronic Arts,4.99,0,0,0,1,0,1,0,0,1,0,0,1,0,1,1,1,0,1,1
684,Rusty Lake,Rusty Lake,24.99,1,0,0,0,0,0,0,0,1,0,1,1,0,1,0,1,1,1,1
685,Vaulted Sky Games,Coffee Stain Publishing,0.0,0,0,0,1,1,1,0,0,1,0,1,1,0,1,1,1,1,0,1
686,Digitalmindsoft,Fulqrum Publishing,13.99,1,1,1,1,0,1,1,1,1,0,1,1,1,1,1,1,1,1,0
687,Heaven Brotherhood,GrabTheGames,24.99,1,0,1,1,0,0,0,0,1,1,0,0,0,0,1,1,1,1,0
688,Doborog Games,Doborog Games,49.99,0,1,1,0,0,1,1,0,1,0,0,1,1,1,1,1,1,0,1
689,Unknown Worlds Entertainment,Unknown Worlds Entertainment,15.99,1,1,1,0,0,0,0,1,1,0,1,1,0,1,1,1,0,1,1
690,NEXT Studios,"Team17,NEXT Studios",0.0,1,0,1,0,1,1,1,1,1,0,1,1,1,0,1,0,0,0,0
691,Raw Lion Workshop,Raw Lion Workshop,39.99,1,1,1,1,0,0,1,1,1,1,1,1,0,0,0,0,0,0,1
692,Heartfun,"Leyo Games,2P Games",29.99,0,0,0,0,0,0,0,0,0,1,0,0,0,1,0,0,1,1,1
693,CABO Studio,Modern Wolf,0.0,0,0,0,0,1,1,0,0,0,0,0,0,0,0,1,0,1,1,1
694,"DONTNOD Entertainment,Feral Interactive (Mac),Feral Interactive (Linux)","Square Enix,Feral Interactive (Mac),Feral Interactive (Linux)",0.0,1,1,1,0,1,0,1,1,1,0,1,0,1,1,0,0,0,0,0
695,"Square Enix,ARTDINK",Square Enix,14.99,1,0,1,0,0,1,1,0,0,0,0,1,1,0,0,1,1,0,0
696,KishMish Games,KishMish Games,19.99,1,1,1,1,0,0,1,0,1,0,1,0,0,0,1,1,1,0,1
697,Shugasu GmbH,Shugasu GmbH,3.99,0,0,1,1,0,1,0,1,1,1,0,0,1,1,0,1,1,1,1
698,NLT Media,NLT Media,0.0,0,0,1,0,1,0,0,0,0,0,1,0,0,1,1,1,1,1,1
699,Flashbulb,Flashbulb,39.99,0,0,1,1,0,1,0,1,0,1,1,0,0,1,1,1,1,1,1
700,Daniel Benmergui,Annapurna Interactive,0.0,1,0,1,1,1,0,1,0,1,0,0,1,1,1,1,1,1,1,1
701,Amaterasu Software,Amaterasu Software,0.99,1,0,1,0,0,1,1,1,0,0,1,1,1,0,0,0,0,1,0
702,Brace Yourself Games,"Brace Yourself Games,Klei Entertainment",0.0,1,1,0,1,1,1,1,1,1,1,1,1,1,1,1,0,1,1,1
703,Flying Wild Hog,Devolver Digital,12.99,1,1,1,1,0,1,1,1,1,1,1,1,1,1,0,0,1,0,0
704,Gaming Minds,Kalypso Media,9.99,0,1,0,0,0,0,0,1,1,1,1,1,0,1,1,1,1,1,1
705,Square Enix,Square Enix,6.99,0,0,0,0,0,1,1,1,1,1,0,0,0,1,1,1,1,0,1
706,Ubisoft,Ubisoft,39.99,1,1,1,1,0,0,1,1,0,0,1,1,1,1,0,1,0,1,1
707,Deck Nine,Square Enix,15.99,1,1,0,0,0,1,1,0,1,1,0,1,0,0,0,1,1,1,1
708,"Relic Entertainment,Feral Interactive (Mac),Feral Interactive (Linux)","SEGA,Feral Interactive (Mac),Feral Interactive (Linux)",4.99,0,1,0,0,0,0,0,0,0,0,0,0,0,1,0,0,0,0,1
709,Piranha Games Inc.,Piranha Games Inc.,14.99,1,1,1,1,0,1,1,1,1,1,1,0,1,0,1,0,0,1,1
710,Mimimi Games,THQ Nordic,6.99,1,1,0,1,0,1,1,0,1,1,0,1,1,0,1,1,0,0,1
711,Arkane Austin,Bethesda Softworks,11.99,1,1,1,1,0,0,1,0,1,0,1,1,1,0,0,0,0,1,0
712,Ripple Studio,Ripple Studio,39.99,0,0,0,0,0,1,0,0,0,0,1,0,0,1,0,1,0,0,0
713,The Quantum Astrophysicists Guild,The Quantum Astrophysicists Guild,49.99,0,1,0,0,0,0,0,1,0,0,0,0,0,0,0,0,1,0,1
714,"Rocketeer Games Studio, LLC","Rocketeer Games Studio, LLC",69.99,1,1,1,0,0,1,0,0,1,0,1,1,1,1,1,1,1,1,1
715,Coffee Stain Studios,Coffee Stain Publishing,9.99,0,0,1,0,0,1,1,0,0,1,1,1,0,0,0,1,0,0,0
716,Clever Endeavour Games,Clever Endeavour Games,7.99,0,1,1,1,0,1,1,1,1,0,0,1,0,1,1,1,1,1,1
717,Pixpil,Chucklefish,0.0,0,0,1,0,1,1,1,1,1,1,1,0,0,0,0,0,1,1,0
718,"Cygames, Inc.","Cygames, Inc.",19.99,0,1,0,1,0,0,0,0,0,1,0,1,1,1,0,0,0,0,0
719,RP Studios,Conglomerate 5,19.99,1,1,0,1,0,1,0,1,1,1,1,1,1,1,1,1,1,1,0
720,"Softstar Technology (Shanghai) Co., Ltd.",方块游戏(CubeGame),0.99,1,1,1,1,0,1,1,1,1,1,1,1,1,1,0,0,1,1,1
721,Amaterasu Software,Amaterasu Software,39.99,0,0,1,1,0,0,0,0,0,0,0,0,0,1,1,1,1,1,1
722,SEGA,SEGA,14.99,1,1,1,1,0,1,1,1,0,1,1,1,1,1,1,1,1,1,0
723,Northwood Studios,Northwood Studios,0.0,0,0,0,0,1,1,0,1,0,0,0,0,0,0,1,0,0,0,0
724,"Eric Ruts,Jacob Kooiman",HyperReuts,39.99,1,1,1,0,0,0,1,0,1,0,1,0,1,1,1,1,1,1,1
725,Volens Nolens Games,Volens Nolens Games,19.99,0,0,0,0,0,0,0,0,0,1,1,0,1,0,1,0,1,1,1
726,Beamdog,Beamdog,14.99,1,1,1,1,0,1,1,1,1,1,1,1,1,0,1,1,0,0,0
727,Purple Lamp,THQ Nordic,9.99,1,0,1,1,0,1,1,1,1,1,1,1,1,1,0,0,0,0,0
728,Rooster Teeth Games,Rooster Teeth Games,0.0,0,0,0,1,1,0,0,1,0,0,0,1,0,1,0,1,0,0,0
729,Trident Game Studio,Trident Game Studio,49.99,1,1,1,1,0,1,1,0,1,1,1,0,1,1,0,0,0,1,1
730,Gabriel Priske,Noetic,4.99,1,0,0,0,0,0,0,0,0,0,0,0,0,0,1,0,0,0,0
731,Noble Empire Corp.,Noble Empire Corp.,29.99,1,1,1,1,0,1,1,1,1,1,1,1,1,1,0,0,0,0,0
732,"MaxEstLa,Zino",MaxEstLa,24.99,1,1,1,1,0,1,1,1,1,1,1,1,0,1,1,1,1,0,1
733,Rockodile,Rockodile,59.99,1,1,1,1,0,1,1,1,1,1,0,1,1,0,0,0,1,0,0
734,Torpor Games,"Fellow Traveller,Torpor Games",0.0,0,0,0,1,1,0,0,1,0,0,0,0,1,1,1,0,0,0,1
735,NeocoreGames,NeocoreGames,16.99,1,1,1,0,0,0,0,0,1,0,1,1,0,0,0,1,1,0,0
736,CABO Studio,Modern Wolf,0.0,0,0,1,1,1,0,0,1,0,0,0,1,0,1,0,1,0,0,1
737,Supergiant Games,Supergiant Games,11.99,0,1,0,0,0,0,0,0,0,0,0,1,1,0,1,1,1,1,1
738,"Petroglyph,Lemon Sky Studios",Electronic Arts,0.0,0,1,0,1,1,1,0,0,1,1,0,1,0,0,1,0,1,0,0
739,Explosive Squat Games,HypeTrain Digital,0.0,1,1,1,1,1,1,1,1,1,1,0,1,1,0,0,1,1,0,1
740,Tripwire Interactive,Tripwire Interactive,0.0,0,1,0,1,1,1,0,0,0,0,1,0,0,1,1,1,1,1,1
741,NeocoreGames,NeocoreGames,1.99,0,0,0,0,0,0,0,0,0,0,0,0,1,0,0,0,1,0,0
742,"Frozen District,Empyrean","Frozen District,PlayWay S.A.",0.0,0,1,0,0,1,0,0,1,0,0,1,1,1,1,1,0,1,0,0
743,"Capcom Game Studio Vancouver, Inc.",Capcom,0.0,1,1,0,1,1,1,0,1,1,1,0,1,1,0,1,1,1,1,0
744,Artefacts Studio,Twin Sails Interactive,39.99,0,1,1,0,0,1,0,1,1,0,1,1,0,0,0,0,0,1,0
745,Spicyhorse Games,Spicyhorse Games,4.99,0,1,1,1,0,1,0,1,1,1,0,1,1,1,0,0,1,1,0
746,"Valve,NEXON",NEXON,39.99,0,1,0,0,0,0,0,0,0,0,1,1,0,1,0,0,0,0,0
747,PixelMouse,PixelMouse,14.99,0,0,1,1,0,1,0,0,1,0,0,0,1,0,0,0,0,1,0
748,Jordy Lakiere,Jordy Lakiere,13.99,0,1,0,1,0,0,1,1,1,0,1,1,1,1,1,0,1,0,0
749,"Ubisoft Annecy,Ubisoft Belgrade,Ubisoft Kyiv,Ubisoft Pune,Ubisoft Odesa",Ubisoft Entertainment,6.99,0,0,0,0,0,0,0,0,0,0,0,0,1,0,1,0,0,1,1
750,Moon Studios GmbH,Xbox Game Studios,2.99,1,0,0,0,0,1,0,0,0,0,1,0,0,1,1,0,1,1,0
751,Image & Form Games,Image & Form Games,19.99,1,1,1,1,0,0,0,0,0,1,0,1,0,0,1,1,0,0,0
752,Anders Grube Jensen,TraipseWare,0.0,1,1,1,0,1,1,1,0,1,0,1,0,0,0,0,0,1,0,0
753,Cyanide Studios,Nacon,0.0,1,1,0,1,1,1,1,1,1,1,1,1,1,1,1,1,1,1,1
754,Hidden Variable Studios,Autumn Games,0.0,1,1,0,1,1,1,1,0,0,0,1,1,1,0,0,1,0,1,0
755,Grest Games OÜ,Grest Games OÜ,24.99,1,1,1,1,0,0,0,1,0,1,0,1,0,1,1,0,1,0,1
756,Blackbird Interactive,Focus Entertainment,39.99,0,1,1,1,0,0,0,1,1,0,1,1,1,0,1,1,1,1,1
757,Chronos Unterhaltungssoftware,astragon Entertainment,0.0,1,1,1,1,1,1,1,1,1,0,1,1,1,0,1,1,1,0,1
758,"Obsidian Entertainment,Wishlist Games",Wishlist Games,29.99,1,1,1,1,0,1,1,1,1,1,0,1,1,0,0,0,0,1,0
759,Glass Heart Games,Glass Heart Games,39.99,1,1,0,1,0,0,0,0,1,1,1,0,0,0,0,0,0,1,1
760,Dio Alias Games,Dio Alias Games,24.99,1,1,1,0,0,1,1,1,0,1,1,1,1,0,1,1,1,1,1
761,墨鱼玩游戏,墨鱼玩游戏,4.99,0,0,1,1,0,0,1,0,0,0,0,0,0,0,1,1,1,0,0
762,Team17,Team17,0.0,0,0,0,0,1,0,0,0,0,0,0,1,0,1,1,0,1,0,0
763,"Nihon Falcom,Engine Software BV,PH3 GmbH","NIS America, Inc.",0.0,0,0,0,1,1,0,0,0,0,0,1,1,1,0,0,0,1,0,0
764,Jannik Nickel,Jannik Nickel,7.99,1,0,0,0,0,0,0,0,0,0,1,1,0,0,1,1,1,0,1
765,Creature Cauldron,Creature Cauldron,39.99,0,0,1,1,0,1,1,0,1,0,1,0,1,1,0,1,1,0,1
766,Sports Interactive,SEGA,19.99,0,0,0,1,0,1,0,1,0,0,0,0,0,0,1,0,0,1,0
767,StalkerAlex,StalkerAlex.,0.0,0,1,1,0,1,1,1,0,0,0,1,1,0,1,1,1,1,1,1
768,Samurai Games,Samurai Games,19.99,0,0,1,0,0,0,1,1,1,0,1,1,0,0,0,1,1,0,0
769,Triskell Interactive,Dotemu,4.99,1,0,1,1,0,1,1,1,1,1,1,1,1,1,1,0,0,0,1
770,Tactical Adventures,Tactical Adventures,19.99,0,1,0,0,0,0,0,1,1,0,1,0,0,0,1,1,1,1,1
771,"X-Legend Entertainment Co., Ltd.","X-Legend Entertainment Co., Ltd.",0.0,0,1,0,0,1,1,1,0,1,1,0,1,0,0,1,1,0,1,1
772,"Christian Whitehead,Headcannon,PagodaWest Games",SEGA,12.99,1,1,1,1,0,1,1,1,1,1,0,1,1,0,1,1,1,0,1
773,"Bit Kid, Inc.","Bit Kid, Inc.",19.99,1,0,1,1,0,1,1,1,0,1,0,1,0,0,1,0,0,1,1
774,Madbyte Games,Madbyte Games,0.0,1,1,1,0,1,1,1,0,1,1,0,1,1,1,1,1,1,1,1
775,SCS Software,SCS Software,1.99,0,0,1,1,0,0,0,0,0,0,0,0,1,0,1,1,0,1,0
776,Ebb Software,Kepler Interactive,44.99,0,0,1,0,0,0,0,0,0,0,0,0,0,1,0,0,0,0,0
777,Soleil Ltd.,Bandai Namco Entertainment,0.0,1,1,1,1,1,1,0,1,1,0,1,1,1,0,0,0,0,1,0
778,Coffee Stain North,Coffee Stain Publishing,9.99,1,1,1,1,0,1,1,1,1,1,1,0,1,1,0,1,0,1,1
779,Paleno Games,Paleno Games,14.99,1,1,1,1,0,1,1,1,0,0,1,1,0,1,0,0,0,0,0
780,Digital Extremes,Digital Extremes,0.99,1,1,1,1,0,0,1,1,1,1,1,1,1,1,1,1,1,1,1
781,Piranha Games Inc.,Piranha Games Inc.,0.0,0,0,1,1,1,1,1,1,1,1,1,1,1,1,1,1,1,1,1
782,stillalive studios,astragon Entertainment,7.99,1,1,0,0,0,1,0,0,0,1,0,1,1,1,1,1,1,1,1
783,BattleBrew Productions,"Marvelous Europe,XSEED Games",14.99,0,0,0,0,0,1,1,1,0,0,0,0,0,0,0,0,0,1,0
784,Born Ready Games Ltd.,Born Ready Games,0.0,0,0,0,0,1,0,0,0,0,0,0,1,0,1,0,0,1,1,1
785,TiGames,bilibili,39.99,0,0,1,0,0,1,0,1,1,0,0,1,0,1,1,1,1,1,1
786,Tango Gameworks,Bethesda Softworks,69.99,0,0,0,0,0,1,0,0,0,0,0,1,1,0,0,0,1,1,1
787,Square Enix,Square Enix,59.99,0,0,0,0,0,0,0,0,0,0,1,0,0,1,0,0,1,0,0
788,"CyberConnect2 Co., Ltd.",BANDAI NAMCO Entertainment,3.99,1,1,1,0,0,1,0,1,1,0,1,1,0,1,0,0,0,0,0
789,Embark Studios,Embark Studios,0.0,1,0,0,1,1,0,0,1,1,0,0,0,1,0,1,1,0,1,1
790,Virtual Basement LLC,Wandering Wizard,0.99,1,1,1,1,0,1,1,1,0,1,1,1,1,0,1,0,0,1,1
791,Asobo Studio,Focus Entertainment,19.99,1,1,1,1,0,1,1,1,1,1,1,1,1,1,1,1,1,1,1
792,Funcom,Funcom,0.0,1,1,1,1,1,1,0,1,1,1,0,1,1,0,1,1,0,1,1
793,Corroding Games,Corroding Games,0.0,1,1,1,1,1,0,1,0,0,1,0,0,1,0,1,1,0,1,1
794,"Nihon Falcom,PH3 GmbH,Engine Software BV","NIS America, Inc.",0.0,1,1,1,0,1,0,1,1,0,0,1,1,1,1,1,1,1,1,1
795,托更的修罗,托更的修罗,49.99,1,0,1,1,0,1,0,1,1,0,1,0,1,0,0,1,0,0,0
796,GoBit Games,GoBit Games,9.99,0,0,0,0,0,0,0,1,0,0,0,0,0,0,1,0,1,0,0
797,YOUZU (SINGAPORE) PTE. LTD.,YOUZU (SINGAPORE) PTE. LTD.,39.99,1,1,1,1,0,0,1,1,0,1,0,1,1,1,1,1,1,1,1
798,MuYan Studio,WaveGame,0.0,1,1,1,1,1,0,0,1,0,1,1,1,1,1,1,1,1,1,1
799,Sumo Digital,Gun Interactive,4.99,0,1,1,1,0,0,1,1,1,0,0,1,1,0,0,0,1,0,0
800,Allods Team,Music Guru LLC,0.99,1,1,1,1,0,1,1,1,1,1,1,1,1,0,0,0,1,0,0
801,"CAPCOM CO., LTD.","CAPCOM CO., LTD.",9.99,0,0,0,0,0,0,0,0,0,0,0,1,0,1,1,1,1,1,1
802,Sports Interactive,SEGA,29.99,1,1,1,0,0,0,0,0,0,1,1,1,1,1,0,1,1,1,0
803,Picroma,Picroma,0.0,1,1,0,1,1,0,1,1,1,1,1,1,0,1,1,0,1,1,1
804,ZUIJIANGYUE Game,"ETime Studio,Merlion Games",0.0,1,1,1,1,1,1,1,1,1,1,1,1,1,1,1,1,1,0,1
805,Sandbox Interactive GmbH,Sandbox Interactive GmbH,19.99,0,0,0,1,0,0,0,0,0,1,1,1,0,0,1,0,1,0,1
806,Passtech Games,Focus Entertainment,14.99,1,1,1,1,0,1,1,1,1,1,1,1,1,1,0,1,0,1,1
807,Marvelous Inc.,"XSEED Games,Marvelous USA, Inc.,Marvelous",0.99,0,0,0,0,0,0,0,0,0,0,0,0,1,0,1,1,1,1,1
808,Oskar Stålberg,Raw Fury,1.99,0,0,1,1,0,1,1,1,0,0,1,1,1,0,1,0,1,1,0
809,Echtra Inc.,Gearbox Publishing,24.99,1,1,1,1,0,1,1,1,1,1,1,1,1,0,0,0,1,1,1
810,MonteBearo,"Goblinz Publishing,Maple Whispering Limited",24.99,1,0,1,0,0,0,0,1,0,0,0,1,0,0,0,0,1,1,0
811,ZemunBRE,SA Industry,0.0,1,1,0,0,1,1,0,0,0,0,1,0,0,0,0,1,0,0,1
812,Frozenbyte,Frozenbyte,0.0,1,1,0,0,1,0,0,0,1,1,1,0,1,1,1,1,1,1,1
813,Harebrained Schemes,Paradox Interactive,0.0,0,1,1,0,1,0,0,1,1,0,0,1,1,0,1,0,1,0,1
814,"Pilgrim Adventures,GrabTheGames Studios","GrabTheGames,WhisperGames,TheGamesFortress",0.0,1,0,0,1,1,1,1,1,0,0,0,0,0,1,1,1,0,1,1
815,HL-Galgame,SakuraGame,0.0,0,1,1,1,1,1,0,1,0,0,0,1,1,1,0,0,1,1,1
816,Ankama Studio,"Ankama Games,New Tales",0.0,1,0,0,1,1,1,0,1,0,0,0,0,0,1,1,1,1,1,1
817,PlatSTUDIO,"PlatSTUDIO,AFBIK Studio",29.99,1,0,1,0,0,0,1,0,1,0,0,0,0,1,1,0,0,0,1
818,Shiro Games,"Funcom,Shiro Games",0.0,0,1,1,1,1,1,1,1,1,1,1,1,1,0,1,1,1,1,0
819,Chimeric,Pixeljam,24.99,1,0,0,0,0,1,0,0,1,0,0,1,1,1,1,0,0,1,0
820,Remedy Entertainment,505 Games,19.99,1,0,0,1,0,0,1,1,1,1,1,1,1,0,0,1,0,0,0
821,Shawn Hitchcock,Hitchcock Games,29.99,1,1,1,1,0,1,1,1,1,1,0,1,1,0,1,1,1,0,1
822,"Studio Wildcard,Instinct Games,Efecto Studios,Virtual Basement LLC","Studio Wildcard,Snail Games USA",7.99,0,0,0,0,0,0,0,0,0,1,0,1,0,1,1,1,1,1,1
823,"KOEI TECMO GAMES CO., LTD.","KOEI TECMO GAMES CO., LTD.",49.99,1,1,1,1,0,1,0,1,1,1,1,1,1,0,0,1,0,1,0
824,Yodubzz Studios,Freedom Games,5.99,1,1,1,1,0,1,1,1,1,1,0,1,1,1,1,0,1,1,1
825,Prism Game Studios Ltd.,Prism Game Studios Ltd.,4.99,0,1,0,0,0,0,1,0,0,0,1,1,0,0,0,1,1,1,1
826,Mihai Morosanu,Mihai Morosanu,0.0,1,0,0,1,1,0,1,1,1,0,1,1,0,1,1,0,1,1,0
827,Nihon Falcom,"XSEED Games,Marvelous USA, Inc.",0.0,1,0,1,0,1,1,1,1,0,0,1,1,0,0,1,0,0,1,1
828,Smartly Dressed Games,Smartly Dressed Games,24.99,1,0,0,0,0,0,0,0,0,1,0,1,0,1,1,1,1,1,1
829,"Crytek,Saber Interactive",Crytek,14.99,1,1,1,1,0,1,1,1,1,1,1,1,1,1,1,1,1,1,1
830,NukGames,NukGames,24.99,1,0,0,1,0,0,0,0,1,1,1,0,1,0,1,1,1,1,0
831,SOFTSTAR ENTERTAINMENT,SOFTSTAR ENTERTAINMENT,19.99,0,1,1,0,0,1,1,1,0,1,0,1,1,1,1,1,1,1,1
832,"WFS, Inc.","WFS, Inc.",19.99,1,0,0,1,0,0,0,1,0,0,0,1,1,0,0,1,0,0,0
833,Mad Labyrinth Studios LLC,Mad Labyrinth Studios LLC,39.99,1,1,1,1,0,0,0,1,1,1,0,1,1,1,1,1,1,1,1
834,Sometimes You,Sometimes You,24.99,0,0,0,0,0,1,0,0,0,0,0,0,0,0,0,1,1,0,0
835,"Thekla, Inc.","Thekla, Inc.",29.99,1,0,1,0,0,1,0,0,0,0,0,0,0,0,1,1,1,1,0
836,Rake in Grass,Rake in Grass,59.99,1,1,1,1,0,1,1,1,0,1,1,0,1,1,1,1,1,1,1
837,Ironwood Studios,Kepler Interactive,19.99,0,0,0,1,0,0,0,0,0,1,0,1,0,1,1,0,1,1,1
838,"PlatinumGames,Little Stone Software",SEGA,0.0,1,1,0,1,1,1,1,1,1,1,1,1,1,0,0,1,1,1,0
839,SUPERHOT Team,SUPERHOT Team,19.99,0,0,1,0,0,1,1,1,1,0,0,1,1,1,0,1,1,1,1
840,Shockfront Studios,Shockfront Studios,0.99,1,0,1,1,0,0,1,1,0,0,1,1,0,0,1,0,0,1,1
841,"Monstars Inc.,Resonair,Stage Games",Enhance,0.0,1,0,0,1,1,0,0,0,1,1,0,1,1,0,1,0,0,0,0
842,Artefacts Studio,Twin Sails Interactive,39.99,1,1,1,1,0,1,1,1,0,1,0,1,1,0,0,0,0,1,1
843,Sean Young,SmashGames,0.0,0,1,1,1,1,1,1,0,1,1,1,1,0,0,1,0,0,0,0
844,Black Lime Studio,Black Lime Studio,19.99,0,0,1,0,0,0,0,0,1,1,0,1,0,1,0,1,1,0,0
845,HR Innoways,Aerosoft GmbH,4.99,0,1,0,0,0,0,0,0,0,0,1,0,0,0,0,0,1,0,0
846,Dani,Dani,4.99,1,0,1,0,0,1,0,1,0,1,1,1,0,1,1,1,1,1,1
847,Destructive Creations,Destructive Creations,11.99,0,0,0,0,0,1,1,0,0,1,1,0,1,1,1,1,1,1,1
848,insomnia,insomnia,24.99,1,0,0,0,0,0,0,0,1,0,0,1,1,1,1,1,1,1,1
849,Cyan Inc.,Cyan Inc.,9.99,1,1,1,1,0,0,1,1,1,1,0,0,1,0,1,1,1,1,1
850,DONTNOD Entertainment,Capcom,24.99,0,1,1,0,0,0,0,0,1,0,0,1,0,0,0,0,0,1,0
851,RocketBrush Studio,Team17 Digital,19.99,0,0,0,1,0,1,1,1,0,1,0,1,1,0,0,1,0,0,1
852,Monster Couch,"Monster Couch,Stonemaier Games,indienova",14.99,1,1,1,1,0,1,0,0,0,0,0,0,1,0,0,1,0,1,1
853,Little Green Men Games,Little Green Men Games,9.99,0,0,1,0,0,1,0,1,1,0,0,0,1,1,1,1,1,1,1
854,ATLUS,SEGA,29.99,1,1,1,1,0,1,1,1,1,0,1,1,1,1,1,0,0,0,0
855,AKEL,"CreativeForge Games,PlayWay S.A.",14.99,1,0,1,0,0,0,1,1,1,1,0,1,0,1,1,0,1,1,1
856,Sports Interactive,SEGA,19.99,0,0,0,1,0,0,1,0,0,0,0,0,0,1,1,1,1,1,0
857,Harebrained Schemes,Paradox Interactive,39.99,1,0,1,0,0,1,1,1,1,1,1,0,0,0,1,0,0,1,0
858,Piao Jingfu,Gamera Game,59.99,1,0,0,1,0,0,0,1,1,1,1,0,1,0,0,1,1,0,0
859,DO MY BEST,tinyBuild,0.0,0,0,0,0,1,0,1,0,0,0,0,0,0,1,1,1,1,1,0
860,Berezka,KuKo,29.99,0,1,1,1,0,1,0,1,0,1,0,1,0,1,0,1,1,1,0
861,GoBit Games,GoBit Games,4.99,1,1,1,1,0,1,1,1,1,1,1,1,1,0,1,1,0,0,1
862,StalkerAlex,StalkerAlex.,24.99,1,0,0,0,0,0,0,0,1,0,1,1,0,0,1,1,0,1,0
863,Firaxis Games,2K,29.99,1,1,0,0,0,0,1,1,0,0,0,0,1,1,1,1,1,1,1
864,Witty Minx,Witty Minx,44.99,0,1,1,0,0,1,1,1,1,0,0,0,1,0,0,0,1,0,1
865,"Noio,Licorice",Raw Fury,19.99,1,1,1,1,0,1,1,1,1,1,1,1,1,1,1,1,1,1,1
866,Studio Sai,"Studio Sai,Kepler Ghost",24.99,0,0,0,0,0,0,0,0,0,0,0,1,0,1,1,1,1,1,1
867,Gniller,Gniller,7.99,1,0,1,1,0,1,1,1,0,1,0,0,0,1,1,1,1,1,1
868,Campo Santo,"Panic,Campo Santo",39.99,1,1,1,0,0,1,1,1,1,1,1,1,1,1,1,1,1,1,1
869,Matt Roszak,Matt Roszak,39.99,0,0,0,0,0,0,1,0,0,0,0,0,0,0,0,1,1,0,0
870,PlatinumGames,SEGA,0.99,0,0,0,0,0,0,1,0,0,0,0,1,0,1,1,0,0,0,0
871,Milkstone Studios,Milkstone Studios,0.0,0,0,1,1,1,0,0,0,0,0,0,0,1,0,1,1,0,1,1
872,Yin Games,Yin Games,24.99,0,0,0,0,0,0,0,0,0,1,1,0,0,1,1,0,0,0,0
873,YiFang Studio,2P Games,19.99,0,1,0,0,0,0,0,0,1,0,1,0,1,1,0,1,0,0,1
874,Frima Studio,Kalypso Media,0.0,1,1,1,0,1,1,0,1,1,1,0,1,1,1,0,0,0,0,1
875,Hyper Hippo Games,Hyper Hippo Games,0.0,1,1,1,1,1,1,1,1,1,1,0,1,1,1,0,1,0,0,1
876,"OMOCAT, LLC","OMOCAT, LLC",0.0,1,1,0,0,1,0,1,0,1,0,0,0,0,0,0,1,1,1,1
877,Steel Wool Studios,ScottGames,4.99,1,1,1,1,0,1,1,1,1,1,1,1,1,1,1,1,1,1,1
878,NEOWIZ,NEOWIZ,0.0,1,0,1,1,1,1,1,0,1,0,1,1,1,1,1,1,1,1,1
879,Reality Pump Studios,"TopWare Interactive,ACE",9.99,1,1,0,1,0,1,1,1,1,0,0,0,0,1,1,1,1,1,1
880,Sinclair Strange,Sinclair Strange,39.99,1,1,1,1,0,0,1,1,0,1,1,1,0,0,1,1,1,1,1
881,Inceton games,Inceton games,49.99,1,1,1,1,0,1,1,1,1,1,1,1,1,1,1,1,1,1,1
882,U.S. Army,U.S. Army,0.0,1,1,1,1,1,0,1,1,0,1,1,1,0,1,0,0,0,1,0
883,红星,风暴之刃工作室,19.99,1,0,1,1,0,0,1,1,1,0,1,0,0,1,0,1,1,0,1
884,TLM Partners,TLM Partners,9.99,0,1,0,0,0,0,0,0,0,0,0,0,0,0,0,0,0,0,1
885,Cyanide Studio,Nacon,49.99,0,0,0,0,0,1,1,1,0,1,1,1,0,1,1,1,0,0,1
886,FIVE-BN GAMES,FIVE-BN GAMES,0.0,1,1,0,1,1,1,0,0,0,1,0,1,0,1,1,1,1,1,1
887,MaFi Games,MaFi Games,0.0,1,1,1,0,1,0,1,0,1,0,1,1,0,0,1,0,1,0,0
888,Anvil Game Studios,Anvil Game Studios,34.99,0,0,0,0,0,1,0,1,1,1,1,1,1,1,1,1,1,1,1
889,SunRay Games,SunRay Games,39.99,1,1,1,1,0,1,1,0,1,1,0,0,1,0,1,0,0,0,0
890,Frontier Developments,Frontier Developments,29.99,1,1,1,1,0,1,1,1,1,1,1,1,1,0,1,0,1,0,0
891,"Rocketcat Games,Madgarden",Rocketcat Games,15.99,0,0,1,0,0,0,0,0,0,1,0,0,1,1,0,0,0,1,0
892,"CyberConnect2 Co., Ltd.",BANDAI NAMCO Entertainment,19.99,1,1,1,0,0,1,1,1,0,1,1,1,1,1,1,1,1,1,1
893,Art Games,SA Industry,59.99,0,0,1,1,0,1,1,1,1,1,1,0,1,1,1,0,1,1,0
894,"Neonovice Co., Ltd.,SQUARE PIXELS","Neonovice Co., Ltd.",18.99,0,0,1,0,0,1,0,0,0,0,1,1,0,0,0,0,1,0,0
895,Euphoric Brothers,Euphoric Brothers,39.99,1,0,1,0,0,0,0,1,0,0,1,1,1,0,1,1,0,1,1
896,Snkl Studio,Snkl Studio,4.99,0,0,1,0,0,0,0,0,0,0,0,1,0,1,0,0,1,0,1
897,Melancholia Studio,Thermite Games,24.99,1,0,1,1,0,1,1,0,1,1,0,1,0,0,1,0,1,0,0
898,Eleon Game Studios,Eleon Game Studios,0.0,1,0,1,0,1,0,1,1,0,1,0,1,0,0,0,1,1,0,1
899,Kerberos Productions,Kerberos Productions,39.99,0,1,0,0,0,0,0,0,0,0,1,0,0,0,1,0,0,0,0
900,Illegal Turtle 🐢,Illegal Turtle 🐢,0.0,1,1,1,0,1,1,1,0,1,1,1,1,1,0,0,1,1,0,0
901,Giant Army,Giant Army,24.99,0,1,0,0,0,1,1,1,1,0,1,1,1,1,1,0,1,0,0
902,"Tero Lunkka,Mikko Seppälä",Tero Lunkka,49.99,0,0,0,1,0,0,0,0,1,1,1,0,1,0,1,0,1,0,1
903,Gameloft,Gameloft,0.0,0,0,0,0,1,0,1,1,0,0,0,1,0,1,0,1,0,0,0
904,Snail Games USA,Snail Games USA,0.0,0,1,0,0,1,0,0,0,1,1,0,1,0,0,0,1,0,1,0
905,Grenaa Games,"Dear Villagers,Doyoyo Games",12.99,1,0,0,0,0,0,0,0,1,0,0,0,0,1,1,1,1,1,1
906,IronOak Games,Curve Games,6.99,0,1,0,1,0,0,0,0,0,1,1,0,1,0,1,1,0,1,1
907,BANDAI NAMCO Entertainment Inc.,BANDAI NAMCO Entertainment,59.99,0,1,1,1,0,1,0,0,1,1,1,1,1,0,0,1,1,0,0
908,panstasz,"Ysbryd Games,PLAYISM",24.99,0,0,1,0,0,0,0,0,0,0,0,0,0,0,1,1,1,1,0
909,Spiders,Focus Entertainment,8.99,1,1,1,1,0,1,1,1,1,1,0,1,1,0,1,1,1,0,1
910,Artefacts Studio,"Dear Villagers,E-Home Entertainment",4.99,1,1,1,1,0,1,1,1,0,1,1,1,0,0,1,1,0,1,0
911,RuneStorm,Devolver Digital,19.99,1,0,0,0,0,0,0,0,1,0,1,0,0,0,0,1,1,1,0
912,Naddic Games,Naddic Games,29.99,0,0,1,1,0,1,1,0,1,1,1,0,0,1,0,0,1,0,0
913,Capcom,Capcom,0.99,1,1,1,1,0,1,1,1,1,1,1,1,1,1,0,1,0,1,0
914,Stardock Entertainment,Stardock Entertainment,0.0,1,1,0,0,1,1,0,0,0,0,0,0,0,1,1,1,1,0,1
915,BlackMark Studio,"Akella,Valkyrie Initiative",29.99,0,1,1,0,0,0,0,1,0,0,0,0,0,0,0,0,1,0,0
916,"Thekla, Inc.","Thekla, Inc.",0.0,1,0,0,1,1,0,1,1,1,0,1,1,0,1,1,1,1,1,1
917,Celeris,Celeris,6.99,1,1,0,1,0,1,0,0,1,0,0,1,0,0,0,0,1,0,0
918,Facepunch Studios,Facepunch Studios,19.99,0,1,1,0,0,0,0,1,0,1,0,1,1,0,0,0,0,0,1
919,"Spike Chunsoft Co., Ltd.","Spike Chunsoft Co., Ltd.",5.99,0,1,1,0,0,0,0,0,1,1,0,0,1,1,1,0,1,1,1
920,Monomi Park,Monomi Park,14.99,1,1,0,0,0,1,0,1,0,0,0,0,0,0,1,1,1,0,1
921,Maxis,Electronic Arts,0.0,0,0,0,0,1,0,0,0,0,1,0,0,0,0,0,1,0,0,0
922,HypeTrain Digital,HypeTrain Digital,14.99,1,1,1,1,0,1,0,0,1,0,1,1,0,1,1,0,1,0,0
923,Haemimont Games,Kalypso Media Digital,20.99,1,1,1,1,0,1,0,0,0,0,0,1,1,0,0,1,1,0,0
924,Ninja Theory,Ninja Theory,29.99,1,1,0,1,0,1,1,1,0,1,1,1,0,1,1,1,0,1,1
925,Creobit,8Floor,9.99,1,1,1,1,0,1,1,1,1,1,1,1,1,1,1,0,0,1,0
926,Aleksandr Golovkin,Aleksandr Golovkin,0.99,1,1,1,0,0,1,0,1,1,0,0,1,1,0,0,0,0,0,1
927,BeamNG,BeamNG,59.99,0,0,0,0,0,0,0,0,0,0,1,0,0,1,1,1,0,1,1
928,Might and Delight,Might and Delight,14.99,0,1,1,1,0,1,1,1,0,1,0,1,0,0,0,1,0,1,0
929,crea-ture Studios Inc.,Nacon,7.99,1,0,0,1,0,0,0,0,0,1,1,1,0,0,1,0,0,0,0
930,"NetherRealm Studios,QLOC","Warner Bros. Games,Warner Bros. Interactive Entertainment",14.99,0,1,0,1,0,0,1,0,1,1,1,0,1,1,1,0,0,0,0
931,Harebrained Schemes,Paradox Interactive,19.99,0,0,1,0,0,0,0,1,1,1,1,1,1,1,1,1,0,1,1
932,Cyanide Studio,Nacon,19.99,0,1,1,1,0,1,1,1,1,1,1,1,1,1,1,1,1,1,0
933,Cyanide Studios,Nacon,29.99,1,1,1,1,0,1,1,0,1,0,1,1,1,0,0,0,1,1,1
934,East Side Games,East Side Games,14.99,1,1,1,1,0,1,1,1,1,1,1,1,0,1,1,0,0,1,1
935,Asymmetric,Asymmetric,19.99,0,1,0,0,0,1,0,1,1,0,0,0,0,1,1,0,1,1,0
936,Dinosaur Polo Club,Dinosaur Polo Club,9.99,1,1,1,1,0,1,1,1,1,1,1,1,0,1,0,0,1,0,0
937,Fabio Ferrara,Chubby Pixel,0.0,0,1,1,0,1,0,0,0,1,1,1,0,0,0,1,1,0,0,0
938,BioWare,Electronic Arts,19.99,0,0,0,0,0,0,0,0,1,0,0,0,0,0,0,0,1,0,0
939,Blackbird Interactive,Gearbox Publishing,39.99,1,0,1,0,0,1,0,0,0,1,0,1,0,0,0,0,1,1,1
940,KIRA LLC,KIRA LLC,0.0,0,0,0,0,1,1,1,1,1,1,1,1,0,1,1,1,1,0,1
941,PixelTail Games,PixelTail Games,24.99,1,1,0,1,0,1,1,1,0,1,1,0,1,1,0,1,1,1,1
942,GAMEYOND,GAMEYOND,4.99,1,1,1,1,0,1,1,1,1,1,0,1,1,0,0,1,0,0,0
943,Triumph Studios,Paradox Interactive,24.99,0,1,0,0,0,1,1,1,1,0,1,0,1,1,0,1,1,1,0
944,Bennett Foddy,Bennett Foddy,29.99,1,1,1,1,0,1,1,1,1,0,1,1,1,1,1,1,1,1,1
945,Marxnet,Marxnet,19.99,1,1,0,1,0,1,1,1,1,1,1,1,1,0,1,1,1,1,1
946,TetraScope,"HotchPotch K.K.,346lab Localization",34.99,0,1,1,0,0,1,0,0,0,0,0,0,0,0,1,1,0,0,0
947,Nexon Korea Corporation,Nexon America Inc.,9.99,1,1,0,0,0,0,0,1,0,0,0,0,0,1,1,1,1,0,1
948,Redamz,Redamz,0.0,1,1,1,1,1,1,1,1,1,1,0,0,1,1,1,0,1,1,1
949,Flippfly LLC,Flippfly LLC,29.99,1,0,1,0,0,1,0,0,0,0,1,1,1,0,0,0,0,0,1
950,InnoGames,InnoGames,19.99,0,0,1,0,0,0,0,0,0,0,1,0,0,1,1,1,1,1,0
951,"Ocean Drive Studio, Inc.","Ocean Drive Studio, Inc.",39.99,1,1,0,1,0,1,1,1,1,1,1,1,1,0,0,0,0,0,1
952,Paradox Development Studio,Paradox Interactive,39.99,0,1,0,0,0,1,0,0,1,1,0,1,0,1,0,1,0,1,0
953,KuKo,KuKo,0.0,0,0,0,0,1,0,1,1,1,1,0,1,0,0,0,0,1,1,0
954,Dani,Dani,9.99,1,0,0,0,0,0,1,0,0,1,0,0,1,1,1,0,1,0,0
955,Fury Software,Slitherine Ltd.,0.0,1,1,0,1,1,1,0,1,1,0,1,1,0,1,1,1,1,1,1
956,Sports Interactive,SEGA,59.99,1,0,0,0,0,1,1,0,0,0,0,0,1,0,0,0,1,1,1
957,the_dobrokot,Volens Nolens Games,4.99,1,0,1,0,0,0,0,0,1,0,1,0,0,1,1,1,1,1,1
958,D-Pad Studio,D-Pad Studio,19.99,0,1,0,0,0,1,0,0,0,0,0,0,1,1,0,1,1,0,1
959,Tamsoft,"XSEED Games,Marvelous USA, Inc.,Marvelous",12.99,1,1,1,1,0,1,0,1,1,1,1,0,1,1,0,0,0,1,0
960,DUCK,Sometimes You,29.99,1,0,0,0,0,1,0,0,0,0,1,0,1,0,1,1,0,0,1
961,Milestone S.r.l.,Milestone S.r.l.,4.99,0,0,0,0,0,0,0,0,0,0,0,0,1,0,0,0,0,0,1
962,"2K Australia,Gearbox Software,Aspyr (Linux)","2K,Aspyr (Linux)",3.99,0,0,0,0,0,0,1,0,0,0,0,0,0,1,1,0,0,0,0
963,Visual Concepts,2K,19.99,1,1,1,1,0,1,0,1,1,1,1,1,1,1,1,1,0,1,0
964,Soleil Ltd.,Bandai Namco Entertainment,19.99,0,0,0,0,0,0,0,0,0,1,0,0,0,1,1,1,1,1,0
965,QLOC,"FromSoftware, Inc,Bandai Namco Entertainment",1.99,1,1,1,1,0,1,1,1,1,1,1,1,1,0,0,1,1,1,1
966,The Coalition,Xbox Game Studios,29.99,0,0,0,0,0,1,1,0,0,0,1,0,0,0,1,0,0,0,1
967,Melancholia Studio,Thermite Games,29.99,1,0,0,0,0,0,0,0,0,0,0,0,0,0,1,1,1,1,1
968,"Asobimo, Inc.",Bandai Namco Entertainment,9.99,1,1,1,1,0,1,1,1,0,1,1,1,1,1,0,1,0,0,0
969,Bitbox Ltd.,Bitbox Ltd.,29.99,1,1,1,1,0,1,1,1,1,1,1,1,1,1,0,0,0,0,1
970,MINTROCKET,MINTROCKET,9.99,1,0,0,0,0,0,0,0,0,0,1,1,0,0,1,1,0,0,1
971,Lavaflame2,Lavaflame2,9.99,1,1,1,1,0,0,1,0,0,1,1,0,1,0,1,1,0,1,1
972,EarthWork Games,EarthWork Games,0.0,1,0,0,1,1,0,0,0,0,0,0,0,0,0,1,0,1,0,1
973,Visual Concepts,2K,29.99,0,1,0,1,0,0,0,0,0,0,0,1,0,1,1,1,1,1,1
974,"KOEI TECMO GAMES CO., LTD.","KOEI TECMO GAMES CO., LTD.",29.99,1,1,1,1,0,1,0,1,1,1,1,1,1,1,1,0,1,1,1
975,ALT Lab,ALT Lab,19.99,1,1,1,1,0,1,1,1,0,1,1,1,1,1,1,1,1,1,1
976,Rainbow Studios,THQ Nordic,0.0,1,1,1,1,1,1,1,1,1,1,0,1,0,0,0,1,1,1,0
977,Render Cube,Toplitz Productions,0.0,0,0,0,1,1,0,1,0,0,1,0,0,0,0,1,1,0,0,0
978,"Square Enix,M2 Co., Ltd.",Square Enix,0.0,0,0,0,0,1,0,0,0,0,0,0,1,0,0,0,0,1,1,0
979,Owlcat Games,"META Publishing,Owlcat Games",29.99,1,0,1,1,0,1,1,1,1,1,1,0,0,0,1,1,1,1,1
980,SUPERHOT Team,SUPERHOT Team,0.0,0,1,0,0,1,0,0,0,0,0,0,0,0,0,1,1,0,0,0
981,Toothless T-Rex,大きくて強い,29.99,1,0,1,0,0,0,0,1,0,0,0,0,1,1,1,1,1,0,1
982,Nadeo,Ubisoft,0.0,1,0,1,1,1,0,1,0,0,0,0,0,1,0,1,0,0,0,0
983,The Swordman Studio,Spiral Up Games,0.0,1,1,1,1,1,1,1,1,1,1,1,1,1,1,1,0,0,1,0
984,Siege Camp,Siege Camp,0.0,0,0,1,0,1,0,0,0,0,0,0,0,0,1,1,1,1,1,1
985,34BigThings srl,🚀 Raiser Games,0.0,1,1,1,1,1,1,1,0,0,0,1,1,1,1,1,1,0,0,1
986,Considera Games LLC,Considera Core LLC,24.99,1,1,1,1,0,1,1,1,0,1,1,1,1,1,0,0,1,1,1
987,"Ukrainian Bears,Hideo Milos","United Nations,Putin The Best,Ukrainian Bears",1.99,0,0,0,0,0,0,0,0,0,0,0,1,0,1,1,0,1,0,1
988,"CAPCOM Co., Ltd.","CAPCOM Co., Ltd.",0.0,0,1,1,0,1,1,1,0,0,1,0,0,0,0,0,0,0,0,1
989,Vladislav Castillo Gonzalez,Vladislav Castillo Gonzalez,19.99,0,0,0,0,0,1,0,0,0,0,0,0,0,1,1,1,1,1,1
990,OrangesGame Technology Limited,OrangesGame Technology Limited,24.99,0,1,0,0,0,0,1,0,0,0,0,1,0,1,1,0,0,0,1
991,Improbable Worlds Limited,Improbable Worlds Limited,14.99,1,1,1,1,0,1,1,1,1,1,1,0,1,1,1,1,1,1,1
992,Estoty,SayGames,0.99,1,0,1,1,0,1,1,0,0,0,0,0,0,0,0,0,0,1,0
993,Frontier Developments,Frontier Developments,0.99,1,1,1,0,0,1,1,1,0,0,0,1,1,0,1,1,0,1,1
994,Beetlewing,Beetlewing,24.99,1,0,1,1,0,0,1,1,0,1,0,0,1,0,1,1,0,0,0
995,"CAPCOM Co., Ltd.","CAPCOM Co., Ltd.",5.49,0,1,0,1,0,1,1,1,1,1,1,1,1,0,0,0,0,1,0
996,BeautiFun Games,BeautiFun Games,3.99,0,1,0,1,0,1,1,0,1,1,0,1,0,0,1,0,1,1,0
997,"CAPCOM Co., Ltd.","CAPCOM Co., Ltd.",14.99,0,1,1,1,0,1,0,0,0,1,1,1,1,0,0,0,0,0,1
998,Colossal Order Ltd.,Paradox Interactive,6.99,1,1,1,1,0,1,1,1,1,1,1,1,1,1,1,1,1,1,1
999,Lince Works,Lince Works,69.99,1,0,1,0,0,0,1,0,0,0,1,1,0,1,1,1,1,0,0
1000,Little Green Men Games,Little Green Men Games,44.99,1,1,1,1,0,1,1,1,1,1,1,1,0,1,1,1,1,1,1
1001,"CHENGDU DREAMCALLER TECHNOLOGY CO.,LTD",YOUZU SINGAPORE PTE LTD,14.99,0,0,1,1,0,0,0,0,1,1,0,1,0,1,1,1,1,1,1
1002,Vankrupt Games,Vankrupt Games,19.99,0,1,0,0,0,0,0,0,1,0,1,1,0,1,1,1,1,1,1
1003,Caramel-Mocha Studio,LoveStoryProject,39.99,1,0,0,0,0,0,0,0,0,0,0,0,0,1,1,1,1,0,0
1004,SEGA,SEGA,39.99,1,1,0,1,0,0,1,0,0,1,0,0,0,0,0,1,1,1,1
1005,Quiet River,Quiet River,0.0,1,1,1,0,1,1,1,1,1,1,0,1,1,1,1,1,1,1,1
1006,Game-Labs,Game-Labs,29.99,0,1,0,1,0,1,1,1,1,1,1,0,1,1,1,1,1,1,1
1007,Ryu Ga Gotoku Studio,SEGA,0.0,1,0,0,1,1,1,0,0,1,0,0,0,1,1,0,1,1,1,1
1008,Crackshell,Maximum Entertainment,19.99,0,1,1,0,0,0,0,0,1,1,0,0,0,0,1,0,0,0,0
1009,FIVE-BN GAMES,FIVE-BN GAMES,24.99,0,0,0,0,0,0,0,1,0,0,0,0,0,1,1,0,0,0,0
1010,"Way York,SilverBlade",INDIECN,29.99,0,1,1,1,0,1,1,1,1,1,1,1,0,1,0,1,1,0,1
1011,Blue Meridian,Crytivo,9.99,1,1,1,1,0,1,1,1,1,1,1,1,1,1,0,0,1,0,1
1012,Triumph Studios,Paradox Interactive,0.0,1,1,0,1,1,0,1,0,0,1,1,1,0,1,1,1,1,1,1
1013,"Team Fray,McLeodGaming","Team Fray,McLeodGaming",19.99,1,1,1,1,0,1,1,1,1,1,0,1,0,1,1,1,1,1,1
1014,Snapshot Games Inc.,Snapshot Games Inc.,0.0,1,1,1,1,1,1,1,1,1,0,1,0,0,1,0,0,0,1,1
1015,Team17 Digital Ltd,Team17 Digital Ltd,39.99,0,0,0,0,0,0,0,0,1,0,0,0,0,0,0,0,0,0,1
1016,Crytek,Crytek,39.99,1,0,1,1,0,0,0,1,0,1,1,0,0,1,1,1,1,1,1
1017,Live Motion Games,"Live Motion Games,Frozen Way,PlayWay S.A.,Frozen District",0.99,0,1,0,1,0,0,0,0,1,0,1,1,1,0,0,1,1,1,1
1018,Morteshka,HypeTrain Digital,9.99,1,0,0,0,0,0,0,0,0,0,0,0,0,1,1,1,1,1,0
1019,Askiisoft,Devolver Digital,8.99,1,0,1,1,0,0,1,1,1,1,1,1,1,1,1,1,1,0,1
1020,Microblast Games,SA Industry,0.0,1,1,0,0,1,0,0,0,0,0,1,1,0,1,1,1,1,1,1
1021,"CREATIVE ASSEMBLY,Feral Interactive (Linux),Feral Interactive (Mac)","SEGA,Feral Interactive (Linux),Feral Interactive (Mac)",0.0,1,1,1,0,1,1,1,1,1,0,1,0,1,0,1,1,0,1,1
1022,Moon Punch Studio,Toplitz Productions,2.99,0,1,0,0,0,1,0,0,1,0,1,0,0,0,1,0,1,1,1
1023,Defiant Development,Defiant Development,0.0,0,0,0,0,1,1,1,0,0,0,1,0,0,0,1,0,1,0,0
1024,Infini-Brain Inc.,Infini-Brain Inc.,59.99,1,1,0,1,0,0,1,1,1,1,0,1,1,1,0,1,1,1,1
1025,CI Games,CI Games,5.99,1,1,0,1,0,0,0,1,1,0,1,1,0,0,0,0,1,0,0
1026,Virtys,Virtys,19.99,0,0,0,0,0,1,1,0,1,0,0,0,1,1,1,0,1,0,1
1027,MY.GAMES,"MY.GAMES,The 4 Winds Entertainment (MENA and Turkey)",54.99,1,0,1,0,0,1,0,0,0,1,1,0,0,1,1,1,1,1,0
1028,KONAMI,KONAMI,24.99,1,1,0,0,0,0,0,0,1,0,1,1,1,0,0,1,0,0,0
1029,"CAPCOM Co., Ltd.","CAPCOM Co., Ltd.",11.99,0,1,1,0,0,1,1,1,1,0,1,1,0,1,1,1,0,0,1
1030,Acid Nerve,Devolver Digital,59.99,1,1,0,1,0,0,0,0,0,1,0,0,0,0,1,1,1,1,1
1031,Blackfire,Cimugames,39.99,1,0,0,0,0,0,0,0,0,0,0,0,0,1,1,0,1,0,1
1032,Oddshot Games,Oddshot Games,39.99,0,1,0,0,0,0,0,1,0,0,1,1,1,1,1,1,1,1,1
1033,PlatSTUDIO,"PlatSTUDIO,AFBIK Studio",9.99,1,0,0,1,0,1,0,0,0,1,0,1,1,1,1,1,1,1,0
1034,Ice Code Games,Good Shepherd Entertainment,1.99,1,1,1,1,0,1,1,1,1,1,1,1,1,1,1,1,1,1,1
1035,2SD,KISS ltd,0.0,1,1,1,1,1,1,1,1,1,1,1,1,1,1,1,1,1,1,1
1036,Lazy Bear Games,tinyBuild,12.99,1,1,1,1,0,1,1,1,1,1,1,0,1,0,0,0,0,0,1
1037,Gentlymad Studios,Assemble Entertainment,0.0,1,1,1,1,1,1,1,1,1,1,1,1,1,0,1,1,1,0,1
1038,Heaven Brotherhood,GrabTheGames,0.0,0,1,1,1,1,1,1,1,1,1,1,1,1,0,1,1,1,1,1
1039,Rebuilt Games,Rebuilt Games,19.99,0,1,0,1,0,1,0,1,1,1,1,1,1,1,1,1,1,1,1
1040,Sports Interactive,SEGA,0.0,0,0,0,0,1,0,1,0,0,0,0,0,0,0,1,0,0,1,0
1041,Wastelands Interactive,Conglomerate 5,0.99,1,0,1,1,0,1,1,1,1,0,1,1,1,0,0,0,0,1,0
1042,Spicyhorse Games,Spicyhorse Games,19.99,0,0,0,0,0,1,1,0,1,0,1,1,0,0,1,1,0,1,0
1043,Campo Santo,"Panic,Campo Santo",0.0,1,1,1,1,1,1,1,1,1,1,1,1,1,1,0,0,0,0,0
1044,Square Enix,Square Enix,49.99,1,0,1,1,0,0,1,1,1,0,0,1,1,0,0,0,0,0,1
1045,BlackMill Games,BlackMill Games,29.99,1,0,0,0,0,1,0,0,0,0,0,0,0,0,1,1,1,1,1
1046,Square Enix,Square Enix,19.99,1,1,0,0,0,0,1,0,1,0,1,0,0,1,0,1,1,0,0
1047,Grease Monkey Games,Grease Monkey Games,0.0,1,1,1,0,1,1,1,1,1,0,1,1,1,1,1,1,0,1,1
1048,Dani,Dani,12.99,0,0,1,0,0,1,0,0,1,0,0,1,0,1,0,1,1,1,0
1049,Spiders,Nacon,19.99,0,1,0,1,0,1,0,1,0,1,0,0,0,0,0,1,0,0,0
1050,Doborog Games,Doborog Games,17.99,1,1,1,0,0,0,1,1,0,1,1,0,0,1,1,1,1,0,0
1051,Jannik Nickel,Jannik Nickel,4.99,0,0,0,0,0,0,1,1,1,0,0,0,0,0,0,1,1,0,0
1052,Edelweiss,"XSEED Games,Marvelous USA, Inc.",29.99,1,0,1,1,0,1,1,1,1,1,1,1,1,0,1,1,1,0,1
1053,Walternate Realities,Walternate Realities,14.99,1,1,0,1,0,1,1,0,0,1,0,0,1,1,0,0,1,0,0
1054,Cyan Worlds Inc,Cyan Worlds Inc,4.99,1,0,0,0,0,0,0,0,0,0,1,0,0,1,0,1,0,0,1
1055,Brightrock Games,Brightrock Games,0.99,1,0,1,1,0,0,1,1,1,1,0,1,1,1,1,1,1,1,0
1056,Misc Games,Misc Games,0.99,0,0,0,0,0,1,0,0,0,0,0,1,1,1,1,1,0,1,0
1057,Unknown Worlds Entertainment,Unknown Worlds Entertainment,3.99,0,0,0,0,0,0,1,0,0,0,0,0,1,1,1,1,0,1,0
1058,Full Control Studios,Full Control,9.99,0,1,0,1,0,0,1,0,1,0,1,1,1,0,0,0,1,0,0
1059,Brilliant Game Studios,Brilliant Game Studios,0.99,0,0,0,0,0,0,1,1,0,1,1,0,0,1,1,1,1,1,1
1060,Dancing Dragon Games,Freedom Games,0.0,1,0,0,0,1,0,1,0,1,1,0,0,0,0,0,0,0,0,1
1061,HFM Games,HFM Games,17.99,0,0,0,1,0,0,0,0,0,1,0,0,0,1,0,1,1,1,1
1062,ATLUS,SEGA,14.99,0,0,1,1,0,1,0,0,1,0,1,0,0,0,0,0,0,1,0
1063,Cyanide Studio,Focus Entertainment,4.99,1,0,1,0,0,1,1,0,1,1,0,1,0,0,1,1,1,0,1
1064,Endnight Games Ltd,Newnight,29.99,0,0,0,1,0,1,0,1,0,0,1,1,0,0,1,0,0,0,1
1065,Digitalmindsoft,Digitalmindsoft,49.99,1,1,1,1,0,1,1,1,1,1,1,1,1,1,1,1,1,1,1
1066,Uuvana Studios,Uuvana Studios,0.0,0,0,1,0,1,0,0,0,0,0,0,0,0,1,0,1,0,1,1
1067,SmashGames,SmashGames,24.99,1,0,0,0,0,0,0,0,0,0,0,0,0,0,1,0,1,1,1
1068,Ryu Ga Gotoku Studio,SEGA,39.99,1,0,0,0,0,1,0,0,0,1,0,1,0,0,0,1,0,0,0
1069,"Barbedwire Studios,Digitalmindsoft",Digitalmindsoft,19.99,0,1,0,1,0,1,1,1,1,0,1,1,1,1,0,1,1,0,1
1070,"Quantum Phoenix Studio,Michail Romanov,Denis Esie,Bogdan Rozymny,Artem Lynev,Artur Samoylenko",Quantum Phoenix Studio,0.0,1,1,1,0,1,0,1,1,1,1,1,1,0,0,0,0,1,0,1
1071,Fishing Planet LLC,Fishing Planet LLC,0.0,1,0,1,0,1,1,0,1,0,1,1,1,0,0,0,0,1,0,1
1072,BULKHEAD,BULKHEAD,24.99,1,1,1,0,0,1,0,0,0,0,0,0,0,1,1,1,1,0,0
1073,FIVE-BN GAMES,FIVE-BN GAMES,0.0,1,1,1,0,1,0,1,1,1,1,1,1,0,1,1,1,1,1,1
1074,Shiny Shoe,Good Shepherd Entertainment,5.99,0,0,0,0,0,1,0,0,1,0,1,0,0,0,0,1,0,1,1
1075,Bay 12 Games,Kitfox Games,29.99,0,0,0,0,0,1,0,0,0,0,0,0,0,1,1,1,1,1,1
1076,FuturLab,Square Enix,29.99,1,0,0,0,0,0,1,0,0,0,1,1,1,0,0,1,1,1,1
1077,Realm Archive,Realm Archive,0.0,0,1,0,0,1,0,0,0,0,0,0,0,0,1,0,0,0,0,1
1078,"Redemption Road,Pixel Dash Studios",Tripwire Presents,0.0,0,0,1,0,1,1,0,0,1,1,1,0,1,1,1,1,0,0,1
1079,Agafonoff,Agafonoff,6.99,0,1,1,0,0,0,0,0,0,1,0,1,1,0,1,1,0,1,1
1080,Fluppisoft,Fluppisoft,4.99,1,1,1,0,0,1,1,1,1,1,1,0,1,1,0,1,1,1,1
1081,3X Entertainment Limited,Nutaku Publishing,7.99,1,1,1,1,0,1,1,1,1,1,0,1,1,0,1,1,0,1,1
1082,DSGame,DSGame,3.99,1,1,1,1,0,1,1,1,1,1,1,1,1,1,1,1,1,1,1
